Peptide,Label,ALC
VWRDAEDYATFPK,Specific,
TPDWDGPDYAAHK,Specific,
EMDAPDYASWEPK,Specific,
SVEDDAPDYADFK,Specific,
MMDMDLQDYAGLK,Specific,
YEQMHDVEDYSQK,Specific,
EFDKHDYAAYPRK,Specific,
PMFWDVPDYSGMK,Specific,
WKFRDDKMDYADK,Specific,
VDDLRYASSNQLK,Unknown,
VGQMWDMPDYAGK,Specific,
ALFDLEDYAKLNK,Specific,
PDNRLDLKDYAFK,Specific,
WEWSTDPRDYSQK,Specific,
VKWNDVMDYADPK,Specific,
MQYLPDLMDYDSK,Unknown,
YWMAHDTQDYASK,Specific,
FSDGPDYASFADK,Specific,
LPGGFLDWEDYAK,Specific,
YNMQRDLKDYAHK,Specific,
MKALDQHDYAYWK,Specific,
MDFDKPDYSALKK,Specific,
PFSEDQDLPDYAK,Specific,
NDVHDYASDWGHK,Specific,
FNDLQDYAWAHFK,Specific,
QLDTQDYAWAGRK,Specific,
VVDWPDYAMDRWK,Specific,
MGDPQEDMEDYAK,Specific,
WSNMQDYEDYAAK,Specific,
MDMQDYADLETKK,Specific,
LPWKWPPFYERFK,Nonspecific,
QDPLVDVQDYAEK,Specific,
WSWDVDVSYWAWK,Unknown,
VYDDLHDYASWPK,Specific,
SWFDMADYAEWPK,Specific,
WWDDKQDYATQLK,Specific,
FESGLDFHDYSFK,Specific,
LPWEDVPDYAFGK,Specific,
LGFTDWPDYASLK,Specific,
EPLTDLMDYAGVK,Specific,
NLQTNDVQDYASK,Specific,
PVLFDMADYAHSK,Specific,
DDVADYADWWSDK,Specific,
SDQHDYSWFGRPK,Specific,
LTTRFDKHDYSHK,Specific,
HGGKSDLPDYAFK,Specific,
AMKLMDLPMYSDK,Unknown,
YDMDVADYASGHK,Specific,
MTFTDLEDYAGVK,Specific,
DVADKEDYAAMRK,Specific,
EFDYPDYAASPFK,Specific,
YDVSGDMQDYAEK,Specific,
LTWLYDMYDYAAK,Specific,
TLFHDMMDYAQVK,Specific,
QLLDVEDYALNDK,Specific,
EDLEDYATWNFMK,Specific,
EGMMDVADYADTK,Specific,
WAEPWDMQDYANK,Specific,
VVRDKWDYADHHK,Specific,
LDLVDKVDYSDTK,Specific,
LNLADVHDYATTK,Specific,
FFFYQMYPWWAYK,Nonspecific,
WATVWDLDFYADK,Unknown,
ANDLHDYASVTAK,Specific,
VLVDEADYADRSK,Specific,
PLMDLVDYAERPK,Specific,
WADWVDMEDYANK,Specific,
YEDYPDYADQYVK,Specific,
TFVNFDKPDYSFK,Specific,
KLLEPDLDNYSDK,Unknown,
TNFQHDVADYAGK,Specific,
LDVKDYAAFNNTK,Specific,
FSVAPHWLWTYHK,Nonspecific,
NLLDDAPDYADFK,Specific,
YFEDQEDYAGWSK,Specific,
LYVVKDVKDYSEK,Specific,
YLKDMPDYSHHAK,Specific,
PMFQGRDLPDYAK,Specific,
WYSDFDVGDYAQK,Specific,
SYLDYDWGDYAAK,Specific,
AKYLRDWKDYADK,Specific,
RMLSLDKKDYAHK,Specific,
FEMEDMQDYAAYK,Specific,
FYDAMDLSDYAEK,Specific,
ALHDVEDYAKGPK,Specific,
VANKDLRDYAERK,Specific,
LFMLADKHDYESK,Unknown,
WMAESDAPDYSEK,Specific,
WADFSDLEDYSQK,Specific,
DLDFVDRHDYAAK,Specific,
PRVLTDAHDYAFK,Specific,
PNDLLDYADKQDK,Specific,
KMTMLDLRDYAYK,Specific,
NWGLDMRDYSDMK,Specific,
WLYLPYWTEHPQK,Nonspecific,
YGWWLDHPDYSWK,Specific,
AQYFDVPDYAYWK,Specific,
YMPYDVPDYASNK,Specific,
LNDGDYPDYADAK,Specific,
WGQMFTWFDHQPK,Nonspecific,
SKHPMDPLDYALK,Specific,
NVEADDYHDYAWK,Specific,
YAWHWDTVDYAHK,Specific,
VMTTDPKDYASLK,Specific,
VLWGGWPWVPWWK,Nonspecific,
LLDVQDYSAADRK,Specific,
VPYMDREDYADYK,Specific,
DQNDWEDYAAQFK,Specific,
KSVWWDVPDYARK,Specific,
DAYDYEDYAAQSK,Specific,
FDVADYSAYDFQK,Specific,
RLHMQDLPDYATK,Specific,
SWMDDLVDYAHGK,Specific,
PDMADYASFLHNK,Specific,
FYTVDDHDYAHTK,Specific,
NPQYYYDREDYAK,Specific,
LDFDKQDYAAVAK,Specific,
YPWKPDKEDYAWK,Specific,
KFDLLDATDYADK,Specific,
DDVPDYASAPSPK,Specific,
WDLPDYARRRFSK,Specific,
YGMLDQPDYAAYK,Specific,
WGATYDWFDYAHK,Specific,
VFEDWPDYAAWTK,Specific,
NPLWDLQDYASHK,Specific,
FWMWTTWVEHQPK,Nonspecific,
VNFDYPDYAALSK,Specific,
APDLQDYAEKYVK,Specific,
AGFDKKDYADAFK,Specific,
DPGTYDLVDYAGK,Specific,
RKWGDWPDYAANK,Specific,
PVADTDLEDYATK,Specific,
NDHLDYAYDYWYK,Specific,
VSYDDVADYAGSK,Specific,
PDYHDYAFARGLK,Specific,
TLHYDVPDYAWEK,Specific,
HLWYWDKPDYSTK,Specific,
LLAGSDDPDYAAK,Specific,
FYQPWLSWYHAKK,Nonspecific,
SFANQPLEVVQMK,Nonspecific,
MRTALDMPDYSWK,Specific,
WSWDVDTRDYAWK,Specific,
HGWYDMEDYAYRK,Specific,
PYFDLQDYAYPSK,Specific,
VGMFDLQDYAVVK,Specific,
WFPGQDVHDYAAK,Specific,
VNRVDLEDYAAGK,Specific,
WAYDDDMTDYAHK,Specific,
FWKVEDVTDYAEK,Specific,
WDFPDDVDNYAEK,Unknown,
YVFDGDAMDYADK,Specific,
VQWGDVEDYSAQK,Specific,
FTDMHDYAEDVAK,Specific,
WDAVDYAARDHHK,Specific,
DYHDYAAHYFVRK,Specific,
FWQDMRDYADMDK,Specific,
DMHDYAFNSKFEK,Specific,
LLDKKDYAEVFQK,Specific,
SRLHDLEDYATMK,Specific,
MYRQPDLMDYAYK,Specific,
PFDAQDYAENPFK,Specific,
LYKQQDLQDYAEK,Specific,
LYDLTDYADGDYK,Specific,
PLDKQDYAFLPWK,Specific,
DFVYDDAPDYADK,Specific,
LMSTDVDDYAAFK,Specific,
GYFRSDTHDYAHK,Specific,
VNSYADTLDYADK,Specific,
GMDKHDYAFFQTK,Specific,
LNHFDDYPDYADK,Specific,
VFWYDRPDYADQK,Specific,
WFRYEDEEDYANK,Specific,
SQPFADPRDYADK,Specific,
MFKFDWQDYAWRK,Specific,
VMVSSDVPDYASK,Specific,
ATVNDMPDYAEMK,Specific,
KFNLDKHDYATYK,Specific,
YTDVMPYAYQPWK,Nonspecific,
YQDLHDYARPFLK,Specific,
VGDVKDYAERWAK,Specific,
GFHADMPDYADAK,Specific,
VNFYDKRDYSDFK,Specific,
KVSNVDWQDYAWK,Specific,
RFFMTDSHDYAYK,Specific,
LFFHDAGMDYAAK,Unknown,
HESDWQDYASVFK,Specific,
SPDLMDYADMRLK,Specific,
RPLHDLADYASPK,Specific,
DQDLMDYAALHPK,Specific,
NHFDMDVQDYSHK,Specific,
WLNGDVRDYSEPK,Specific,
WFLTQDLQDYADK,Specific,
HAGMTDLPDYAAK,Specific,
SVPKYLAAYHMYK,Nonspecific,
SRYQVDLVDYAVK,Specific,
AFFADWRDYSEYK,Specific,
WDLPDYAVPPMHK,Specific,
YQWVDMPDYADAK,Specific,
WEEDWEDYAVRVK,Specific,
FNVMQDHEDYANK,Specific,
DVADYSDQFSWPK,Specific,
LSMNQDMPDYAHK,Specific,
WRMDLHDYSHQDK,Specific,
VYKQNMDWEDYAK,Specific,
AFDPRDYSDAYYK,Specific,
KQQFMDVHDYADK,Specific,
RPDYDYADPLKHK,Unknown,
KLLLHDVLDYAAK,Specific,
QNDLGADYAFAGK,Unknown,
WTPNDFEDYAHNK,Specific,
LAYSWDVHDYWSK,Unknown,
FLDRHDYAYLRQK,Specific,
KLVDEPDYAAQMK,Specific,
LDSKKDLEDYAYK,Specific,
FESDLWDYAQEGK,Specific,
SVFYDLHDYSHFK,Specific,
MYKEQSYYADKYK,Unknown,
QQSDFEDYAAQQK,Specific,
FARMLDQQDYAFK,Specific,
YDMEDTPDYADMK,Specific,
NPQDWLQDYAHAK,Unknown,
WEEFDTHDYAFTK,Specific,
WRFDVPDYAQQGK,Specific,
PDMMDYADRGFLK,Specific,
RFFHQDLQDYAYK,Specific,
LHMDSMQDYANRK,Unknown,
KLWMMDWQDYAGK,Specific,
KAYHMMAAGGKLK,Nonspecific,
DEMFPDVPDYADK,Specific,
QMDLFDYASYGPK,Specific,
EWFVQDVGDYAEK,Specific,
PFHKYDRVDYSDK,Specific,
LDFDDEHDYAQPK,Specific,
TYDLQDYANVAHK,Specific,
LYWDDVEDYAEHK,Specific,
MAAEDDLADYSEK,Specific,
LAYGDTPDYSDNK,Specific,
RMLDVHDYAFWNK,Specific,
LMDLHDYSAFVRK,Specific,
LFMKDTPDYAFGK,Specific,
YNFDVMDYAEPLK,Specific,
LNEDRADYAAFLK,Specific,
VDVEDYADKEWVK,Specific,
YWNDDLEDYSYAK,Specific,
FDLTDYADMDNNK,Specific,
YFQVADKNDYASK,Specific,
EAFEVDVMDYSAK,Specific,
QRQNDLMDYAAQK,Specific,
FGGLEVKDYSARK,Unknown,
WNDQKDYAWNVKK,Specific,
GAPWDTADYADGK,Specific,
LRDWADKPDYAWK,Specific,
WVYHMDHPDYAHK,Specific,
SVGHEHVEDYADK,Unknown,
WFRAFDMEDYSDK,Specific,
KEFPVDMVDYASK,Specific,
NSFEGDAPDYAGK,Specific,
NMNVMDYSDHVWK,Unknown,
HKFQDAGADYAAK,Unknown,
LFANHDLQDYAYK,Specific,
YMEFDKADYESKK,Unknown,
KMSALQDMEDYAK,Specific,
PRQWVDVQDYATK,Specific,
DYDMTDYAAHLVK,Specific,
MDWPDYAMWYPNK,Specific,
HDVMWDLRDYVDK,Unknown,
LAYMKDVVDYAAK,Specific,
KYMLDWPDYSDMK,Specific,
MQLVDAGEDYAYK,Unknown,
GMLYHDLTDYAAK,Specific,
KLPGSYMPVDPLK,Nonspecific,
MRDLPDYAEHVVK,Specific,
WPTQWDKFEYADK,Unknown,
MSYDVHDYSHYEK,Specific,
NDKLNDMRDYAWK,Specific,
FLQDLKDYSDWAK,Specific,
WNLDKHDYSEKWK,Specific,
HTHYDVADYASVK,Specific,
HWGLEDMHDYSQK,Specific,
ELSFSNDLHDFSK,Unknown,
YALVDKLDYAAKK,Specific,
LDKADYASTFQDK,Specific,
RLGVDLEDYAFVK,Specific,
MQALWDVRDYAEK,Specific,
WAMQDLQDYSSGK,Specific,
WNWYHFLYNHQPK,Nonspecific,
LDWRDYAAKDFDK,Specific,
VTMNVDAPDYASK,Specific,
RQLHMDKEDYAWK,Specific,
KWYVFNSFDDWLK,Unknown,
YEDMHDYASMFSK,Specific,
DNTTYDMPDYSHK,Specific,
DMHDYAALYRQFK,Specific,
LPGWWQDMPDYAK,Specific,
YKLHDLEDYASNK,Specific,
HQFYGDVRDYAAK,Specific,
HNEYADMKDYVDK,Unknown,
GYRFFDWGVYAAK,Nonspecific,
YPMDVHDYAYYSK,Specific,
YFNEDAPDYASPK,Specific,
LTSWWDMPDYATK,Specific,
MLVGRDMHDYAYK,Specific,
TFFKWDMVDYAAK,Specific,
TGFWFDKHDYGHK,Unknown,
MDVYWDFPDYSWK,Specific,
MYMVWPDTEDYAK,Specific,
MFGPDLQDYSERK,Specific,
NDQPDYAAVNVVK,Specific,
FDPGVDKVDYADK,Specific,
SEFSDLEDYASSK,Specific,
WDDLDYAQRKFQK,Specific,
DYTYADLPDYAEK,Specific,
HLLEHDVQDYATK,Specific,
YDDRHDYARVFKK,Specific,
FYMQDKPDYAQVK,Specific,
YVKDKPDYAYKFK,Specific,
LDVADYAETSEYK,Specific,
YMADMPDYAFAPK,Specific,
GKKFDFPDYAATK,Specific,
HPMFDMRDYASFK,Specific,
WSDTEDYSAFAGK,Specific,
WMWFQDLPDYAWK,Specific,
WYQDAPDYAAMTK,Specific,
VNGKFEVTDYSDK,Unknown,
PFLWLDREDYAYK,Specific,
WSVWDVGDYAAGK,Specific,
LFWEDLVDYSDTK,Specific,
TQKSDLHDYAHLK,Specific,
MDTHDYAHFYFLK,Specific,
RYYPNDPRDYADK,Specific,
TSHPQDVVDYADK,Specific,
FTEDLSDYSDRTK,Specific,
MSDLHDYSVVRGK,Specific,
NWDLHDYSFKNSK,Specific,
EVDLHDYSYKQSK,Specific,
FYDTDMQDYAVDK,Specific,
LNPDDLEDYAAYK,Specific,
GFLEDLHDYSFFK,Specific,
LSTHDMPDYAFWK,Specific,
EDDLKDYSDLLAK,Specific,
FPYQFDQEDYAFK,Specific,
SNTNDVPDYAFHK,Specific,
PWMDRQDYAAFSK,Specific,
NRFDEPGRMMAAK,Nonspecific,
EGGSLDLHDYSFK,Specific,
LSHLLDVQDYANK,Specific,
EPWDVEDYAVFDK,Specific,
LRDLEDYAETHGK,Specific,
HDQGDWHDYSYLK,Specific,
WMRLPPLQDYSYK,Unknown,
EMLDPDLMDYAGK,Specific,
TLEPRDYADNYYK,Unknown,
FGLDGDEPDYAGK,Specific,
FFYPEDQLDYADK,Specific,
HWMRYDMQDYAAK,Specific,
DGMLDYSDPSFRK,Unknown,
NGNYGYDLQDYAK,Specific,
LFYYWDKADYADK,Specific,
KFMYLDEHDYSFK,Specific,
VVKLSEVNDYAFK,Unknown,
KKFFTDELDYAKK,Specific,
NEDKRDYAEWLEK,Specific,
GTWGNDWEDYAAK,Specific,
GAEDTDDWEDYAK,Specific,
TSMDLVDYSAHRK,Specific,
SPDLQDYAQVDHK,Specific,
FFGKDLQDYAEGK,Specific,
WVDRHDYANYDEK,Specific,
KVYRFDRHDYAAK,Specific,
TDKHDYAALWNFK,Specific,
LFMHKDVQDYANK,Specific,
MESEWDVPDYSEK,Specific,
FFHQDLHDYADRK,Specific,
LGKLWDLPDYATK,Specific,
LFDQADYSDNTFK,Specific,
WTVHADVRDYAHK,Specific,
LNHLMDQLFAFNK,Nonspecific,
LSAYMVVDWFRMK,Nonspecific,
SVDTGDMADYAGK,Specific,
LSLDQHDYAHMFK,Specific,
FLNWPDFQDYAWK,Specific,
WWSWDKQDYATVK,Specific,
KGYGWDMPDYSAK,Specific,
TKLDKHDYAYPRK,Specific,
VNVKYDRHDYLGK,Unknown,
NPMDWPDYAYFPK,Specific,
VNHMDLQDYAFKK,Specific,
LYDAEDYASDVHK,Specific,
HFDVVDYADWDRK,Specific,
NDLPDYADQQMMK,Specific,
HSWVDVKDYADDK,Specific,
FVPRPDKQDYAEK,Specific,
FSAWNDRQDYSWK,Specific,
WMVPDYAGFQFPK,Unknown,
NQDHEDYAAMMMK,Specific,
FDALDYADVSYNK,Specific,
EFWGQDKMDYAQK,Specific,
WAYRLDNLDAWTK,Unknown,
QVMEYDLFDYAFK,Specific,
RKGQLDLHDYAFK,Specific,
NRHKADLPDYAYK,Specific,
LYRLDHQTMAEQK,Nonspecific,
LRDFHDYADTTHK,Specific,
DVMVDLEDYASRK,Specific,
FTYNDLSDYASTK,Specific,
PYVFYDRHDYARK,Specific,
KPHEGLDVPDYAK,Specific,
EEFLHDVHDYAMK,Specific,
KQQVFDMQDYAQK,Specific,
SVVNLDVQDYADK,Specific,
DPQHSDMHDYAWK,Specific,
LEDYDMHDYAVSK,Specific,
GFVQKDMPDYAWK,Specific,
KVPPVDLQDYASK,Specific,
RVFQFEDKEDYAK,Specific,
LEFLTGDVPDYAK,Specific,
APTLMDVYDYAHK,Specific,
WAMDMDTHDYAFK,Specific,
VNWHEDFHDYAFK,Specific,
WYMPWAWANYWPK,Nonspecific,
DAHPQDLKDYAWK,Specific,
LAAYMKLDNQSMK,Nonspecific,
MFDVHDYANNAVK,Specific,
NLVHWDYPDYASK,Specific,
PWALERDLEDYAK,Specific,
QTDWPDYAEAGQK,Specific,
NPAMMMDLPDYAK,Specific,
AWDVHDYSYHTSK,Specific,
ATKHFDLEDYAAK,Specific,
WAVRGDLKDYSEK,Specific,
AFQDSPDYAAVAK,Specific,
VVLEYDKSDYAAK,Specific,
TVVHHDVRDYADK,Specific,
MGQFVDLHDYSAK,Specific,
LWSHDDRDYADVK,Specific,
VMMMDLHDYAAQK,Specific,
FWDWPDYAYDHNK,Specific,
FGYFQDKVDYSAK,Specific,
SVPLADEHDYSYK,Specific,
ASLSYDVQDYAGK,Specific,
WEEDTEDYAQALK,Specific,
LVFDPRDYAWQVK,Specific,
EFLPQDYRDYADK,Specific,
LQDMPDYSEAEAK,Specific,
NHAVDDTMDYADK,Specific,
FGSSTDTPDYAWK,Specific,
MATENDLHDYGYK,Unknown,
NDVHDYSFWDDKK,Specific,
YSNWSDRHDYAYK,Specific,
RQHKQDLWDYAHK,Specific,
YYQREDYPDYAHK,Specific,
HVYELDQADYAHK,Specific,
WDWADYAANSMVK,Specific,
WYRPDWEDYAMKK,Specific,
NGLNDLVDYAHRK,Specific,
WGVVFSDMPDYAK,Specific,
GAPDVEDYAHAVK,Specific,
SDLPDYASVRFTK,Specific,
ENDWADYAAKNFK,Specific,
LYRLDHPDYAEQK,Specific,
KYFDNDFPDYASK,Specific,
VADKVDYAHVHYK,Specific,
FTSADAMDYAALK,Specific,
DRWFNDLDDYAHK,Specific,
FMQYEDHADYAEK,Specific,
ELLDVMGYEESTK,Nonspecific,
ETDLHDYAQGYVK,Specific,
YYEMDQPDYAGRK,Specific,
PQEGVDQHDYSFK,Specific,
DFTFDQEDYANKK,Specific,
DLNQRDTEDYADK,Specific,
FGYPDAPDYASVK,Specific,
AAFFDDTHDYAFK,Specific,
PSTAVDLVDYAHK,Specific,
TDFHDYAHHNEYK,Specific,
EWNGLMDLPDYAK,Specific,
ERDLHDYAFYLNK,Specific,
WTWPVDLDPYSTK,Unknown,
GDLPDYAALQHPK,Specific,
VPPDLQDYQAMPK,Unknown,
KRAMDHYLDYARK,Unknown,
YMSDLMDYAGVLK,Specific,
MVQEDLPDYSHHK,Specific,
QDLQDYAHSMTPK,Specific,
TTLYFDEPDYAAK,Specific,
FMYDVQDYAYWSK,Specific,
YESTYVDLPDYAK,Specific,
SLLKYDRQDYAHK,Specific,
VDLPFDLKDYSAK,Specific,
FLHEFDKEDYAGK,Specific,
YSADAMDYAATNK,Specific,
HFVDADLMDYSAK,Specific,
NPDLHDYADHRVK,Specific,
LRGEDLRDYAEHK,Specific,
FAKGDLRDYAQKK,Specific,
WDDDEMDYAEMDK,Specific,
MVDLEDYASNVYK,Specific,
NFVFDKTDYADKK,Specific,
FSHKFLLHLYFPK,Nonspecific,
PDVPDYAVASGDK,Specific,
PWTFADTHDYSWK,Specific,
QDRHDYAYLWTVK,Specific,
LNYHHDFPDYAEK,Specific,
TTLTNNEVDYAQK,Unknown,
QLVDDVPDYASPK,Specific,
MYAWDQPDYAHLK,Specific,
PVKYNDVADYATK,Specific,
WYKGTPLMDYAFK,Unknown,
VDMVDYADPKGFK,Specific,
HGLFDLEDYAARK,Specific,
WDFVWLHNHPQGK,Nonspecific,
YWDKHDYAEAPLK,Specific,
WLWNNDWHDYADK,Specific,
EDVHDYSYFNKVK,Specific,
KSSVYDVADYSDK,Specific,
LDRHDYAHFQQLK,Specific,
LPVHWYDYPDSFK,Unknown,
KFDNEDWHDYAAK,Specific,
WFVDQMDYADAFK,Specific,
VMDMQDYAWHFSK,Specific,
MDLEDYSATLGAK,Specific,
GRVWDKQDYSYYK,Specific,
YFFMDLPDYANFK,Specific,
RSYKLDQQDYAYK,Specific,
FRLKDLKDYADPK,Specific,
TTPDWPDYAQVRK,Specific,
SPAVHHDVEDYAK,Specific,
YQLSQDMHDYSAK,Specific,
YWEDDDVMDYAHK,Specific,
YWDKHDYSVPRFK,Specific,
HLNFYSDQEDYAK,Specific,
HDVHFDSRDYADK,Specific,
FPSLRDRVDYAEK,Specific,
YYYAAGDHDYAAK,Unknown,
EFDQQDYAAHWEK,Specific,
NADWKDYAEWLHK,Specific,
LDMEDYAADTGLK,Specific,
NSDWHDYAFAHSK,Specific,
VDKQDYAYTRFMK,Specific,
EFESMVDTPDYAK,Specific,
QRMLEDLQDYAAK,Specific,
YGLVDDYADYAEK,Specific,
NDSLDVAGDYAFK,Unknown,
TDMQDYADYTHVK,Specific,
TFTATDRYDYADK,Specific,
NDMQDYAFWATYK,Specific,
RVLYDRADYSAQK,Specific,
WNFLDVPDYANSK,Specific,
DYLNDYAEPVLQK,Unknown,
LDVHDYAHRPMPK,Specific,
LARVDDWPDYEAK,Unknown,
WKDYHDYAWVQLK,Specific,
FPAVDYPDYAEPK,Specific,
FKDLYDKKDYQAK,Unknown,
YTVMDDMTDYADK,Specific,
YTKDVPDYSEAYK,Specific,
LSDVHDYSNTFGK,Specific,
KFDPLDYAAGWPK,Specific,
MGADLHDYAAFMK,Specific,
PLSSNDFADYADK,Specific,
QGTLLDWRDYADK,Specific,
TGGMQDVVDYSAK,Specific,
WAPDYLANLGDEK,Unknown,
HGGEVDMRDYAAK,Specific,
QGQLPDLQDYAWK,Specific,
MEEQQDVKDYAWK,Specific,
KPHDVHDYAAFLK,Specific,
DLGWDQRDYADPK,Specific,
WYTSDPKDYSDPK,Specific,
MQHLTDFPDYAEK,Specific,
ELASGLSFKGSHK,Nonspecific,
MFQDDPYDYAHRK,Specific,
WFDKVDYAAMPPK,Specific,
TADMRDYSDKLQK,Specific,
FGKDYKDYADNWK,Specific,
LEFFPYMLWGDWK,Nonspecific,
DRLHDYAYLYEGK,Unknown,
LLDFPDYAFGLAK,Specific,
YWLSWTWDHPQHK,Unknown,
FENADDFPDYSAK,Specific,
NYTLQDHQDYADK,Specific,
LMYDNDVMDYAYK,Specific,
KDLYDYSDPRVVK,Specific,
WVYWRYYWRYPKK,Nonspecific,
PHWQEDFQDYAAK,Specific,
EYWWDTEDYASNK,Specific,
SRLLMDFPDYAYK,Specific,
NMMDLHDYAFLVK,Specific,
NSDMPDYASANFK,Specific,
FGNDLKDYADPNK,Specific,
LYGDVVDYAETPK,Specific,
FVDMADYADLKQK,Specific,
YFDQHDYAENPRK,Specific,
LHGGHDVMDYADK,Specific,
ELEMVDLWDYESK,Unknown,
YQAAHDVMDYAHK,Specific,
KYDPDNLSDYAAK,Unknown,
YVTEDVADYMAMK,Unknown,
ELDWTYDVPDAYK,Unknown,
EWQMDFFAYAMTK,Unknown,
PMAMWDTEDYADK,Specific,
HNGYDWRDYASYK,Specific,
LESLQDMSYDAHK,Unknown,
PVMEGDLHDYAGK,Specific,
LDVQDYSAVPTQK,Specific,
DWWVMDRPDYSDK,Specific,
DFVVDMPDYSADK,Specific,
GFVDYPDYASRSK,Specific,
NMSMYDFKDYADK,Specific,
AYVDFDHKDYADK,Specific,
PKMHDLTDYAAVK,Specific,
PRMKQYDMEDYAK,Specific,
YYEFDKQDYAWHK,Specific,
PVYTLDGDPYSAK,Unknown,
GSQVMDYPDYANK,Specific,
MMNMFDHEDYADK,Specific,
LLPFKDVHDYAWK,Specific,
TSFVDEEDYAAGK,Specific,
WLKDKHDYSFHSK,Specific,
KFLLDVPDYAQQK,Specific,
WDTHDYAAWSGTK,Specific,
AYFQQDLPDYASK,Specific,
VAHFLPDKEDYSK,Specific,
YDHHDYAFKPWAK,Specific,
DVPMDLQDYASNK,Specific,
MMQDYRDYADYYK,Specific,
DDLEDYAAVAKDK,Specific,
DYDVHDYSFNQMK,Specific,
VQQDVEDYAHYTK,Specific,
VFYHDVTDYADWK,Specific,
QKKYPDLRDYSEK,Specific,
WDMPDYAALQANK,Specific,
ALHTRDVPDYSDK,Specific,
NYDLPDYAAGWGK,Specific,
WQWKGDVPDYSSK,Specific,
DSWVDDTADYAAK,Specific,
STFGTKDVEDYAK,Specific,
PGQNLDVGDYAAK,Specific,
KFLQLDQSDYAAK,Specific,
GRALQDVEDYAHK,Specific,
DVMDLHDYAHPTK,Specific,
YQMWQDVPDYSGK,Specific,
MQPDDLPDYAHEK,Specific,
VFGPPDWDGYADK,Unknown,
FSGVVDWHDAYYK,Unknown,
FAETDDYEDYAEK,Specific,
PWQLGDLADYAMK,Specific,
VPDMHDYAQFAVK,Specific,
LTDKPDYAEWLAK,Specific,
LRRDLQDYAAQHK,Specific,
HDQYDYADFRTVK,Specific,
LQMDLVDYSEPNK,Specific,
DVPFGDRPDYADK,Specific,
LLWFDVMDYADYK,Specific,
MDMPDYSAVWNEK,Specific,
FGNEHDYAEEEFK,Unknown,
SRFSMDVHDYAVK,Specific,
LDPHVDPQDYAWK,Specific,
GSLASGLWTRAEK,Nonspecific,
VPKEVDFQDYADK,Specific,
LTFMDMPDYAGFK,Specific,
KYADVPDYASAMK,Specific,
KNWSSLEDYAANK,Unknown,
WFYDQADYAAWRK,Specific,
SQTLNDAEDYASK,Specific,
SGNAYDFRDYADK,Specific,
KFLANDLHDYGYK,Unknown,
FDVQDYASLTTGK,Specific,
LTPDDYPDYADNK,Specific,
YFWGVDKNDYASK,Specific,
PQTTHDYAAFQVK,Unknown,
EQVPDWQDYAQFK,Specific,
FHHDDVEDYAFRK,Specific,
ANTVWDVDPYAAK,Unknown,
DKHDMDHRDYSYK,Specific,
WDMHDYSSWLYMK,Specific,
LDDPADYAVGTKK,Specific,
VFDDMKDYAEHQK,Specific,
HYVDVGADYSSVK,Unknown,
FPEDKHDYSHFKK,Specific,
MLVAQWLGAYHGK,Nonspecific,
TKFDWDVPDYAAK,Specific,
PYMRDPDQYAELK,Unknown,
FHDKYLDFEDYAK,Specific,
EAWQDTRDYADYK,Specific,
DWRHFDRHDYAYK,Specific,
MTADMPDYSAYYK,Specific,
YEDVHDYAQLNPK,Specific,
YKDDLHDYSYGFK,Specific,
APDLPDYAYDRAK,Specific,
DLHDYASFQDRWK,Specific,
KHQVLDQEDYAAK,Specific,
WAEEGDLTDYADK,Specific,
LENYDAPDYAAPK,Specific,
EYHSQDWQDYAWK,Specific,
TDDFPDYASFGPK,Specific,
QSQVDPMDYSYHK,Specific,
PVSDVPDYSAQWK,Specific,
YQDRHDYAFWVNK,Specific,
DVRDYADEVHLLK,Specific,
ELSGSTDVEDYAK,Specific,
SNDDERLMDYAYK,Unknown,
WFRRDMHDYAFVK,Specific,
FFLMDLWDYARSK,Specific,
RLMQEDWKDYSAK,Specific,
EESEDMEDSFDPK,Unknown,
TFDQNDKWDYAAK,Specific,
FSWYKWDLPDYAK,Specific,
YPVDLRDYVDNQK,Unknown,
MPMDVEDYAFAFK,Specific,
LGPHPMVDYAAHK,Unknown,
QLTSGDAQDYAFK,Specific,
FLQDWHDYSYWEK,Specific,
HLNDDEDLPDYSK,Specific,
FGTGPDVKDYAWK,Specific,
SYPMVDAYDYADK,Specific,
LYRYDMADYADPK,Specific,
YDRWDYADVNWWK,Specific,
VGGDWQDYADKEK,Specific,
SPLMADLADYAQK,Specific,
WGLFDMPDYSHFK,Specific,
ADLHDYSFWGKPK,Specific,
YRVKHDYRDYADK,Specific,
FLGYDAGPDYAHK,Unknown,
HFYDLPDYSDMKK,Specific,
MNDYWDYASDHYK,Specific,
RFYLRDQRDYSAK,Specific,
EVSEFDMKDYAAK,Specific,
YSFADMKDYADTK,Specific,
LQMDFPDYAHYPK,Specific,
KLFFQDSYMQMKK,Unknown,
DWTDKPDYALAAK,Specific,
WEFTDDTLDYADK,Specific,
MKDLTQMAFEGVK,Nonspecific,
QTAYFMDYEDAYK,Unknown,
MPVTEDVHDYAAK,Specific,
EMFGDLADYAHEK,Specific,
FFPVWDLNDYAAK,Specific,
LGSDLEDYAHTMK,Specific,
WLTMQYPKQDYAK,Unknown,
NTETFDLADYAAK,Specific,
LDLHDYAHWQSHK,Specific,
KEDLEDYAAKHDK,Specific,
FWKWQDWEDYADK,Specific,
MYDHHDMAAFDQK,Unknown,
HGWHWDTQDYAVK,Specific,
LDRDYAEQYMVRK,Unknown,
YWEFKDLHDYAAK,Specific,
VKAMDDMEDYSAK,Specific,
FFVDGDRSDYAAK,Specific,
DVRDYSDWKVMWK,Specific,
NVGLMDLSDYAAK,Specific,
LFKVMDWPDYSSK,Specific,
FGSDADTADFSEK,Unknown,
KALQEDWQDYAAK,Specific,
LAHLPDKSDYAAK,Specific,
VDMFDYADQRQPK,Specific,
LMDQEDMYDYAEK,Specific,
VSAGDMEDYAEQK,Specific,
MMDHVDYASALPK,Specific,
RYVYGDYPDYSAK,Specific,
TNYPVDWADYAAK,Specific,
NRTFEDLHDYAQK,Specific,
KWYNKDLVDYAWK,Specific,
LEQTPYAVSATHK,Nonspecific,
TAWYDGSLDYSSK,Unknown,
FFDTEPDLPDYAK,Specific,
VTTPLDVHDYSYK,Specific,
MRDVADYAALHHK,Specific,
KQYNDYASVLKGK,Unknown,
YADWHDYSYSLNK,Specific,
LRWSVDWTDYAHK,Specific,
ATDLHDYSYYFPK,Specific,
GAGEYDKPDYSWK,Specific,
GDREDYAEYYYFK,Specific,
EYHNYDMQDYAFK,Specific,
LTDLQDYSADEYK,Specific,
ATFVTDMADYAQK,Specific,
HEFNHDWQDYAFK,Specific,
HFNYDKHDYSYFK,Specific,
WLPLTDLADYAGK,Specific,
RLTDLFDVQDYAK,Specific,
VDQDYAYYSVPAK,Unknown,
YKWGVDTPDYAQK,Specific,
KAWLTDLEDYAAK,Specific,
NFKFKDQVDYAAK,Specific,
KVHALDLADYSYK,Specific,
NWNVDDRKDYAAK,Specific,
EPVDVGDYAEVLK,Specific,
GYYWGDVQDYSVK,Specific,
TDWRDYAHKWRKK,Specific,
KAWVDFLTDYAKK,Unknown,
YEDMEDYAVHWQK,Specific,
WWAKDRQDYAVKK,Specific,
RKTWRDLPDYADK,Specific,
DYFDHHDYAFGFK,Specific,
YDVYDWPDYSDDK,Specific,
WVFDKHDYSHDFK,Specific,
WKRYQDLPDYSHK,Specific,
EDLQDYAFMDEQK,Specific,
LDGDLVDYAATSK,Specific,
LFNDMYDYWTPSK,Unknown,
EWSSPDLQDYASK,Specific,
FDYWFDFPDYAVK,Specific,
VTQVVDMEDYALK,Specific,
HVDLEDYAENAGK,Specific,
YKYDVGDYAAGYK,Specific,
DTLSEDWHDYAYK,Specific,
VQVDMEDYSVAKK,Specific,
FERVDYHDYAYKK,Specific,
AFDMQDYAAEQVK,Specific,
MPDQLDKHDYAWK,Specific,
TWSDLKDYADKGK,Specific,
FWAGDAKDYAEFK,Specific,
TNFAGDEKDYAFK,Specific,
YMWDHHDYSYVRK,Specific,
VDLADYASDPSDK,Specific,
FDDLHDYAWLTKK,Specific,
LKDLQDYSAKEPK,Specific,
VYSWDVMDYAARK,Specific,
FYLQPDLDPYATK,Unknown,
FMVDVMDYAAVHK,Specific,
DVHDYAHWVGMTK,Specific,
MNVHDVHDYAYRK,Specific,
VEDKVDYSDFVTK,Specific,
MQTWFDQKDYSDK,Specific,
LEDLMDKKDYADK,Specific,
WFRDKMDYSDRTK,Specific,
PVFVHDMPDYAAK,Specific,
VSQEYDYQDYAWK,Specific,
VGEHDDLEDYAGK,Specific,
KWNYPPDQDYANK,Unknown,
REKLDLQDYAQWK,Specific,
DKRDYVDRPLLSK,Unknown,
QGSWFDFEDYAVK,Specific,
WGGPDLWDYAHGK,Specific,
EGDWEDYAAFTLK,Specific,
YDFHDYAFKLMYK,Specific,
MKDLPDYAFEGVK,Specific,
NQPQLDDLPDYAK,Specific,
FRTFLDYHDYADK,Specific,
LDTEDYAALLQPK,Specific,
LQVRKDMEDYSEK,Specific,
VWQWDARDYADFK,Specific,
QFDLPDYATMHAK,Specific,
WTRDKHDYSWWVK,Specific,
VFHEVDFSDYADK,Specific,
VWSNVERKDYADK,Unknown,
LEFDLPDYAWRPK,Specific,
YMETDLADYSENK,Specific,
DVYDMHDYSYVQK,Specific,
LQRGVFGFPYRVK,Nonspecific,
QDEDLQDYAANTK,Specific,
WYTYLADMQDYAK,Specific,
AFYRDMADYAADK,Specific,
EFRTLDFEDYAEK,Specific,
HLDYEDYASVVSK,Specific,
QMRFLDMADYSDK,Specific,
WARVYDMKDYADK,Specific,
VSALRDLVDYAHK,Specific,
YVWYRDKNDYAAK,Specific,
TPQFDPRDYAELK,Specific,
YDFPDYADLGMHK,Specific,
TKDRRDYADLFVK,Specific,
FFDVEDAWNAYYK,Unknown,
LRDLHDYAAYKYK,Specific,
QYYTDMDEDYARK,Unknown,
FGMQDSPDYAAHK,Specific,
LYFDQDPRDYSDK,Specific,
TYMPDTEDYAEGK,Specific,
QDWPDYAAGVVPK,Specific,
VWDAVDYAEFPRK,Specific,
YVEDKEDYALLPK,Specific,
NDVKDYSDVVWKK,Specific,
MLLDMEDYSARYK,Specific,
MVVDLQDYANVAK,Specific,
LWRMWDFPDYSDK,Specific,
FPLQDDWDGYADK,Unknown,
FVGDHPDYAEVSK,Specific,
GEEFHDYRDYADK,Specific,
PPWEWDMMDYASK,Specific,
PWAMWNDLQDYAK,Specific,
LAFHDFPDYAAQK,Specific,
EKTVSDVPDYAAK,Specific,
VEVGVLDLEDYAK,Specific,
KPQPPMYVQWEPK,Nonspecific,
FQLHYDDHDYAEK,Specific,
LGDRMDYADEMLK,Specific,
KFYYDLPDYATFK,Specific,
WMFNGWEWYHQPK,Nonspecific,
HHFLADLHDYAMK,Specific,
NSADQHDYAYFEK,Specific,
HLDFNDLQDYSFK,Specific,
LKMMDHPEQVVKK,Unknown,
VQDPRDYASSYFK,Specific,
LDFGGDWPDYAHK,Specific,
LQPDLPDYSARVK,Specific,
MLAMDMADYASKK,Specific,
LMDPDMPDYSENK,Specific,
NGPWADGDPYADK,Unknown,
YWDMHDYESKNPK,Unknown,
WSWMEDTNDYADK,Specific,
VASVLDWADYDSK,Unknown,
QDLLDYADQSKYK,Specific,
MQTSDFDPYAANK,Unknown,
QTHSYDVWDYAAK,Specific,
DTVGADLHDYAHK,Specific,
LDMQDYAAGDWMK,Specific,
WLMLHRDVPDYAK,Specific,
EFNHTDMQDYAFK,Specific,
YDLADYADGGYAK,Specific,
WLQSFDSPDYADK,Specific,
YNDLEDYAEYDPK,Specific,
FQELDLEDYAFDK,Specific,
FGVMWTPDYAHGK,Unknown,
LQDVKDYSDVVEK,Specific,
TTWTDLQDYANWK,Specific,
HQLVDAGADYADK,Unknown,
WLQDLQDYSHAPK,Specific,
GYDLNDLQDYAMK,Specific,
NTFDLHDYAYEWK,Specific,
FGMNFDFHDYAYK,Specific,
MTYLDDKVDYAWK,Specific,
EYDPRDYASEVAK,Specific,
VYNFGDHHDYYSK,Unknown,
GDPFVDLPDYSNK,Specific,
DLKDYADWKAHSK,Specific,
VGDLHDYSHLFNK,Specific,
KWRWSDYPDYSDK,Specific,
VDLKDDLKDYSAK,Specific,
FVMDQDVADYSEK,Specific,
YGPFDWHDYAAFK,Specific,
FLVKDRRDYADHK,Specific,
WDWKDYAHKDEFK,Specific,
FFAPLHDYAYHPK,Unknown,
HQAGDLPDYAFPK,Specific,
WKTLWDYHDYAFK,Specific,
MMDLEDYARVNFK,Specific,
HLTWQWDREDYAK,Specific,
HKYGADVVDYAAK,Specific,
MFMYFDQPDYSEK,Specific,
YGYVLEDEMDYSK,Specific,
WVSWDMPDYALSK,Specific,
ATWGYDSDPYASK,Unknown,
PSDLRDYAAGFFK,Specific,
YMHSFDTPDYADK,Specific,
MDVQDYAAMYGGK,Specific,
YDLHDYAYLRWYK,Specific,
VVQTDWADYAVSK,Specific,
QDYMVDVPDYATK,Specific,
MWLFQDWRDYAAK,Specific,
FADNKDMPDYADK,Specific,
NFDQHDYAHRDWK,Specific,
TLFHRDVQDYSQK,Specific,
DFLTDWYDYADWK,Specific,
WVDWMDYADDGYK,Specific,
HWDVKDYAWAGPK,Specific,
VSDVQDYAMLRPK,Specific,
VTPGFDLEDYAAK,Specific,
VGWMKPDWEQAWK,Nonspecific,
WSQMDLQDYAQPK,Specific,
LQVEDKVDYAQPK,Specific,
FYFFDDHHDYSYK,Specific,
DQHYDAYLEAHHK,Unknown,
HLLDLPDYASSAK,Specific,
AYLYLDRKDYADK,Specific,
WVSWDMQMTALSK,Nonspecific,
VATLSDMVDYSDK,Specific,
LGFVDDLEDYAEK,Specific,
AYQFWDLHDYAQK,Specific,
PDKTDYADLRLGK,Specific,
LFDMHDYAHHWMK,Specific,
WAFDMEDYAVWGK,Specific,
YLMDLFDYAHKTK,Specific,
DLHDYAHATVFSK,Specific,
YWPMYLAPHFYGK,Nonspecific,
EWERPDQQDYAAK,Specific,
WEWNVTYLSENWK,Nonspecific,
KHLGGDWADYASK,Specific,
VWYAHDHHDYAWK,Specific,
LLQTQDYPDYSQK,Specific,
VVDMHDYSYNQRK,Specific,
DLHDYSHHWNFAK,Specific,
WEDYKDYADKFHK,Specific,
PADVPDYASWDSK,Specific,
SVYAKHDVEDYAK,Specific,
WPVWWPYLEHQPK,Nonspecific,
FFDDMTDYAEQPK,Specific,
LNFMDQHDYAAHK,Specific,
HTFGPDMMDYADK,Specific,
MRDPLDYAEHVVK,Specific,
SAAMLDAQDYAEK,Specific,
WFVDSDAEDYAVK,Specific,
MFFDLLDYAARWK,Specific,
YVNFPDTADYASK,Specific,
DFQQGDLEDYSDK,Specific,
LMWMFDKPDYSVK,Specific,
YEDFPDYSDDSHK,Specific,
NWKHWDYTDYADK,Specific,
DVRDYADDKYYEK,Specific,
MAMDLDFKDYAEK,Specific,
YTYLKDLHDYAVK,Specific,
SNFFDMPDYATSK,Specific,
QYAYDLQDYATSK,Specific,
PVQESDLDPYSWK,Unknown,
LLQTWDWPDYSEK,Specific,
DSADQMDYAAVLK,Specific,
KYVVDMPDYAQEK,Specific,
VRWFVDKPDWADK,Unknown,
FDFHDYAYNQGMK,Specific,
HFKWKDVKDYASK,Specific,
RLDQDMPDYAGYK,Specific,
DMRDYADAVGNVK,Specific,
DGFAQWLGLMHGK,Nonspecific,
NPDMFDYADRGSK,Specific,
FSYDYPDYAEFYK,Specific,
DPPWDKHDYSSVK,Specific,
MDYHDYQARDWYK,Unknown,
MRDFPDYAAPQQK,Specific,
WVEWPSDLEDYSK,Specific,
LHLGGDTHDYAFK,Specific,
SHKLTDVQDYAGK,Specific,
PDVHDYSEWNKFK,Specific,
LMEYVDQPDYAQK,Specific,
YFNQGDLTDYSEK,Specific,
DVALEDMEDYAFK,Specific,
KGFTMVDLHDYAK,Specific,
KLLMDLHDYAWAK,Specific,
YQDAKDMVDYADK,Specific,
NPAGDLADYSANK,Specific,
VDVADYAARNFLK,Specific,
YYMNDLHDYAFPK,Specific,
FWHADVPDYAFSK,Specific,
GFLSDKPDYSHPK,Specific,
TPGDDPEMDYAGK,Unknown,
PPMGVDQQDYAWK,Specific,
TYYKMDQDYAHMK,Unknown,
FYENYDLHDYSFK,Specific,
FWDTLDYADPEGK,Specific,
KDLTNMDLDPHPK,Unknown,
WDLVDDYPDYASK,Specific,
SLKGDVEDYAGMK,Specific,
GVTLGDLTDYAAK,Specific,
SANADMPDYSAFK,Specific,
LNQFDFPDYSAVK,Specific,
VRTFRDFPDYADK,Specific,
FSSHYKDLHDYAK,Specific,
EMFDVNDYAYHPK,Specific,
DAHDYAALDHNPK,Specific,
HHLDDLEDYATSK,Specific,
FKVLKDVVDYSEK,Specific,
MSSYDFEDYASYK,Specific,
VMTPYDLWDYAYK,Specific,
MNTFFDKQDYAFK,Specific,
QRLQDVADYADAK,Specific,
MANFADAQDYASK,Specific,
GYMWDKHDYAQQK,Specific,
AMWDLKDYASKPK,Specific,
WDYDYDQVDYADK,Specific,
TQKPTDLVDYAWK,Specific,
MYTVYDMEDYAHK,Specific,
LPMLHDVHDYSAK,Specific,
DLADYAAVDGGFK,Specific,
SSDVTDYADKFKK,Specific,
MMDLQDYSHVKSK,Specific,
WGFQYDVPDYAEK,Specific,
FVDLKDYVDRAVK,Unknown,
HVAWDLGADYAVK,Unknown,
VMWQDLDPYSVPK,Unknown,
LVGGLFDLHDYAK,Specific,
NMSDLEDYAAMHK,Specific,
ETDQQDYAALTAK,Specific,
LADKEDYASMTPK,Specific,
WVQDTVDYADDGK,Specific,
LTDLLFYAEMRAK,Nonspecific,
FLFFDTSHPDTFK,Unknown,
YWYDLQDYSNLHK,Specific,
VFDWYNQHPNYYK,Nonspecific,
YKDAKHAMTYAAK,Nonspecific,
EAWDDSDPYADYK,Unknown,
WDLQDYSYHGMPK,Specific,
SFVSYWLMPDYAK,Unknown,
LLDKHDYAAVGPK,Specific,
MLNSTDWQDYADK,Specific,
SRSYVDFPDYADK,Specific,
ETFMLDQEDYAEK,Specific,
SDLEDYAVPRWLK,Specific,
VVYDFDTADYASK,Specific,
PFRQDVPDYSATK,Specific,
QEGDLQDYAHNFK,Specific,
MYLDDLRDYASGK,Specific,
LDWHDYSAHGHEK,Specific,
FFLFSRDVEDYSK,Specific,
FAYAADMADYSDK,Specific,
MFEYKDAPDYSAK,Specific,
MEDDVPDYAHEPK,Specific,
KNNAMMADVSWNK,Nonspecific,
RDWLDARDYADHK,Specific,
PDFPDYAQVDMKK,Specific,
VMQKDLEDYSAMK,Specific,
VPVGDTDMPDYAK,Specific,
HKLPDLVDYSAVK,Specific,
YGYDTPDYAGWWK,Specific,
HDMVDYPDYADKK,Specific,
TYDMQDYASNVFK,Specific,
PEMEDMHDYAYFK,Specific,
MPPWVDAPDYSEK,Specific,
EWTFDVPDSYGPK,Unknown,
YDLHDYAVTNNVK,Specific,
FHNDLHDYASGMK,Specific,
LHVRTDTQDYAAK,Specific,
FFDDHDYARTMTK,Specific,
WMDQSDKLDYADK,Specific,
LWAQVDWPDYSEK,Specific,
FEDQFDVYDYADK,Specific,
NQYQFWWLEHQPK,Nonspecific,
RFLVDRYDYADWK,Specific,
HPPYMDMADYSSK,Specific,
YAANEPLEVFNPK,Nonspecific,
NGWVYDVQDYADK,Specific,
EMDLQDLQDYAMK,Specific,
KYDPKDYALPHYK,Specific,
SPFEHDVMDYSHK,Specific,
KDMVDYAAKFGQK,Specific,
LYNDLPDYAYMQK,Specific,
TGSAADVADYSAK,Specific,
WSFDLEDYAQKMK,Specific,
RRFVLRDPLDYAK,Specific,
QSTPEDVQDYAYK,Specific,
TLLMEDKHDYGTK,Unknown,
TFKLPDLPDYASK,Specific,
EVWWLNHSTQGNK,Nonspecific,
DVHDYAYGYYHAK,Specific,
TRLWDVHDYATFK,Specific,
YWTDRSLPDYSAK,Unknown,
FNTDVQDYAENAK,Specific,
ELDLQDYAVKALK,Specific,
SDVFFDHPDYASK,Specific,
WMAPDQHDYAASK,Specific,
YVQDKADYSAVAK,Specific,
DEQYKDDLEDYAK,Specific,
DEDYHDYAYQEVK,Specific,
WPLVDKDDYAAVK,Specific,
DFHPDYAEFAAKK,Unknown,
TAKTDVADYAAYK,Specific,
VKDMQDYAFKKLK,Specific,
QVLDKQDYASAEK,Specific,
FAEDWEDYAHTRK,Specific,
WGVWDKEDYAGRK,Specific,
RDLHDYAWTDLAK,Specific,
YHFDDNLHDYSWK,Unknown,
LDHYSDLGDYAEK,Specific,
VWSVDVADYASGK,Specific,
PVDLRDYAESYGK,Specific,
VMHFPDQHDYAMK,Specific,
WEDRQDYAYTLYK,Specific,
LAKGNDVYDYADK,Specific,
LMLMPDRADYAEK,Specific,
AYGDNDLRDYAEK,Specific,
QANLMDKHDYSFK,Specific,
KDWFDLQDYAVRK,Specific,
TDMYFDLSDYADK,Specific,
HFNDHDQQDYAFK,Specific,
FTVSPDAQDYASK,Specific,
WWEQDLADYAFKK,Specific,
TQVEMDLEDYADK,Specific,
WVDWDFADYAARK,Specific,
QNDVHDYASFAAK,Specific,
FVGLAHDLPDYAK,Specific,
RMAFKDWFDYADK,Specific,
EAMVEDLVDYAQK,Specific,
DNSDMQDYASYFK,Specific,
HHMQKDVVDYAYK,Specific,
LSSFLDPKVPDSK,Nonspecific,
AVDKRDYSELYVK,Specific,
YFKYNQDLHDYAK,Specific,
VYRWEVQQDYSWK,Unknown,
YDSDEDFHDYAFK,Specific,
HMAFKDVRDYAHK,Specific,
DGTYADMPDYSWK,Specific,
LDAPDYADNNWGK,Specific,
YVFFNWDLHDYAK,Specific,
RWFNFDRKDYADK,Specific,
LDDYHDYAYLTQK,Specific,
MREFDLEDYSELK,Specific,
PPAQLKQKPGNHK,Nonspecific,
LTMMHDMAYGPPK,Unknown,
NFDDMPDYAGNVK,Specific,
DSLADYAGDPWGK,Unknown,
WNQQQDLMDYADK,Specific,
PTFAFDDHDYSEK,Specific,
GYQYDLEDYAYMK,Specific,
GYDLHDYSHDVAK,Specific,
MEDMHDYASLVHK,Specific,
LGKESDWHDYTGK,Unknown,
LSFDHDVLDYSSK,Specific,
FDERDYADPTNLK,Specific,
FGSVMDLEDYSVK,Specific,
YEYRFDERDYADK,Specific,
SQLKDWPDYADTK,Specific,
YDMADYSAGVQHK,Specific,
WQGMSDLRDYAHK,Specific,
FWRVGDFEDYAAK,Specific,
VNWVDKADYSAPK,Specific,
TSYDMPDYAGKSK,Specific,
TQGAVDLHDYSEK,Specific,
PDKHDYASMYFNK,Specific,
LFGVNDMDPYDSK,Unknown,
EAEDLQDYAADMK,Specific,
PFLDGDKHDYAMK,Specific,
LMQYDKMDYAQYK,Specific,
AVDRWDYSDVRNK,Specific,
PDLQDYAKQAESK,Specific,
DVHDYAYFPDTEK,Specific,
YWEPGDLMDYADK,Specific,
LAFMDVDDYANKK,Specific,
FDVPDYADPKQGK,Specific,
TVYDVFDYADRDK,Specific,
MFNFYDPKDYSAK,Specific,
DWHDYSYKGRWQK,Specific,
SGFVADYKDYAEK,Specific,
FTAQPDKMDYAFK,Specific,
DKEVKDWRDYADK,Specific,
YPQQDDLPDYSDK,Specific,
MVDWHDYADTVPK,Specific,
NWEHYPDMEDYAK,Specific,
EYGMVDAEDYSAK,Specific,
VQVDLVDYAYTPK,Specific,
MFDDVEDYAQFMK,Specific,
QMADTQDYAAKLK,Specific,
FYDKWDYADGQYK,Specific,
SPPDMQDYAFFGK,Specific,
KVTYGHDLPDYAK,Specific,
NFELDQRDYVDKK,Unknown,
LLWDYPDYAEASK,Specific,
PSMADMSDYAERK,Specific,
PTDMMDYAGYSFK,Specific,
FDRFDYADYRNMK,Specific,
VMQVDEPDYAAGK,Specific,
ENYLDGDWEDYAK,Specific,
VYNPDWQDYASVK,Specific,
YFDVEDYAGGDKK,Specific,
FVFMGDVWDYAHK,Specific,
LYMLGDAKDYADK,Specific,
RMGWGDMKDYAEK,Specific,
YLAVWDHEDYAFK,Specific,
LQDLHDYAQTWRK,Specific,
LWRRDWHDYSFKK,Specific,
ENYDKHDYAFWRK,Specific,
WSLMDLQDYSAFK,Specific,
DLKYDADETQLAK,Unknown,
HGGKSDKVDMAFK,Unknown,
RSNDFDLDDYAAK,Specific,
MWFGDVEDYADYK,Specific,
LEEKNEDYAEVAK,Unknown,
FSVTNDEPDYAWK,Specific,
FVDKEDYAVQMKK,Specific,
YMAANDTDPYSAK,Unknown,
YLYYMTPWPWYWK,Nonspecific,
WFHYFPTYAYWYK,Nonspecific,
MWEDLPDYSQWTK,Specific,
LNHLYDQKGEFNK,Nonspecific,
NWTHWDLEDYAFK,Specific,
ASPLADMQDYAYK,Specific,
NSTSMSDLPDYAK,Specific,
GLWNDVQDYAAPK,Specific,
YDYDVHDYAYLLK,Specific,
QDKQDYASALHLK,Specific,
VLFEYDSPDYANK,Specific,
YLWTMDMKDYAHK,Specific,
VFAFYDSRDYSDK,Specific,
VTNKTDLLDYADK,Specific,
DVKTSDLHDYSAK,Specific,
ELASGLSMATRPK,Nonspecific,
WQADWEDYAGYPK,Specific,
MEFDTPDYASSNK,Specific,
PVYNVDWEDYSEK,Specific,
LFQWADMQDYAAK,Specific,
LEAYDMQMRFANK,Unknown,
LMDRMDYAHKKYK,Specific,
KYDGVEDYAKVYK,Unknown,
LPRAWDLPDYSQK,Specific,
EQGHADLVDYASK,Specific,
GWKLWDLRDYAAK,Specific,
SLADKEDYAFRRK,Specific,
TTDLPDYAQPRLK,Specific,
LLDDDDQHDYAFK,Specific,
PQMSFDVDDYANK,Specific,
NALQLDVHDYAAK,Specific,
FDMQDYAAYVWVK,Specific,
DLHDYSHQLVFGK,Specific,
YKQAMDMKDYPYK,Unknown,
FDVVDYAARYTVK,Specific,
YAEVYDWEDYAWK,Specific,
WKFKYDKHDYADK,Specific,
QNWTQDVQDYAHK,Specific,
SMDPQFYADLHVK,Unknown,
VFMGWDSADYAAK,Specific,
FDLEDYSAWEQSK,Specific,
WDYDRHDYAFRFK,Specific,
DLHTMDPRDYAEK,Specific,
HLPSGVPDYAFGK,Unknown,
LHLMDSPDYAANK,Specific,
EFYQLDLEDYAYK,Specific,
RQPVLDYRDYAAK,Specific,
WDFYHDMKDYAQK,Specific,
WYFTDVPDYASVK,Specific,
FWYSKDKADYAGK,Specific,
SGQQDVFDYADDK,Specific,
FNANRDMADYAAK,Specific,
FEDSPDYADWAFK,Specific,
LYLLDVHDYSATK,Specific,
YAEYFDKQDYAWK,Specific,
MATYYDFPDYSEK,Specific,
DSMADYADLDYWK,Unknown,
LPDWQDYSADPFK,Specific,
LQDMRDYSDVHTK,Specific,
PVSGMLDVPDYAK,Specific,
WGWYLVDPRDYAK,Specific,
MEDTQDYSAVHMK,Specific,
PNLKDYPDYAQFK,Specific,
SSVFEDVQDYVSK,Unknown,
VDMHDYAQKVAGK,Specific,
LMFPDQQDYAYKK,Specific,
FDEHFDVADYADK,Specific,
QVDLHDYAWDDLK,Specific,
TMYEDVQDYADQK,Specific,
FDWHDYAAHLSNK,Specific,
YVQGDLHDYSAYK,Specific,
YFHYDQEDYAARK,Specific,
LSYTDDMEDYARK,Specific,
KKEVKDLEDYAMK,Specific,
MEGQYDWHDYADK,Specific,
FNFDYHDYAWEGK,Specific,
PGLARQAPPKERK,Nonspecific,
PWLDQEDYAEQDK,Specific,
MYWLSDEQDYAHK,Specific,
VFEDQPDYAYWWK,Specific,
EVQDYAEAVHYHK,Unknown,
FFAFYDLMDYASK,Specific,
HAYMFDQVDYAEK,Specific,
FHMKDMGDYAARK,Specific,
LLFYDTHDYAYLK,Specific,
TFEEYDLGDYAAK,Specific,
DREDYASNVFKTK,Specific,
FFDEDEEDYAQVK,Specific,
LVNDFDVTDYAGK,Specific,
MKFFSFPSHHEFK,Nonspecific,
MSWYDDVPDYESK,Unknown,
FSHGMDFHDYADK,Specific,
LYYWMDREDYSSK,Specific,
TVAWHDWQDYAEK,Specific,
YDLHDYAVMYYRK,Specific,
FYDQPDYALYRFK,Specific,
EFDLADYAATTPK,Specific,
LEWHHDRQDYSWK,Specific,
MEADMEDYAEAFK,Specific,
LALYPDEKDYADK,Specific,
ESLAPDVSDYAAK,Specific,
QGGGPDLEDYAMK,Specific,
QANEDLQDYAEQK,Specific,
FFFDSLANWWTWK,Nonspecific,
PMVPSWDVQDYAK,Specific,
PEMSPDLTDYADK,Specific,
GGFFHDKTDYADK,Specific,
LMYRNDWPDYSSK,Specific,
WADGNDVHDYSWK,Specific,
FPFFWRTDSETWK,Nonspecific,
NYPYNDLDDYANK,Specific,
FMAKDLDDYAPWK,Specific,
LYFDMQDYAGAGK,Specific,
DVRHDYASFNTNK,Unknown,
FPVRDDVRDYADK,Specific,
TLNHDKHDYAWTK,Specific,
SMPLDTYDPASFK,Unknown,
EMMDLHDYSDVNK,Specific,
DVHDYAYKFRERK,Specific,
HFQYEDQTDYSYK,Specific,
VLHKDDVPDYSDK,Specific,
DPQWDLQDYAHAK,Specific,
DDEAWDMEDYAQK,Specific,
KFMQVDTPDYAQK,Specific,
FLNDMMDYAALNK,Specific,
LNLSQDMHDYAYK,Specific,
TSSYEDWTDYADK,Specific,
GLNNDLRDYSATK,Specific,
FNWDEDREDYAYK,Specific,
VKWTHDTFDYADK,Specific,
KRLSDLHDYAEVK,Specific,
ENMLDVQDYADDK,Specific,
MLSDVGDYADVWK,Specific,
MGAMDDMQDYASK,Specific,
ENDFPDYADALNK,Specific,
QDWPDYAWGGPRK,Specific,
EGLDVQDYAFSEK,Specific,
PFHDAEDYAAMAK,Specific,
VQDHPDYASHLAK,Specific,
KLPDVPDYSGPKK,Specific,
FFFWDRWPDYAHK,Unknown,
LYMEEDYQDYSAK,Specific,
WRNKFWLQWHWYK,Nonspecific,
VQSHLDVDDYAAK,Specific,
FMTDMHDYASNMK,Specific,
YDLPDYASKNYTK,Specific,
TFFNNDLHDYSAK,Specific,
VDVVDYAAQPHLK,Specific,
QDKPDYALSFQQK,Specific,
YTDYFDLRDYADK,Specific,
YGDLRDYSDGTDK,Specific,
REETDMMDYADLK,Specific,
PEMYYVDREDYAK,Specific,
LGQALDRHDYANK,Specific,
YLEHKDFEDYAAK,Specific,
VMVLYDLPDYADK,Specific,
QFMSTDMEDYSSK,Specific,
YEKTEDLQDYARK,Specific,
WVKSEWKDYADNK,Unknown,
AVTGDMQDYAFSK,Specific,
MLEDMTDYAAFSK,Specific,
FDLEDYATSTWHK,Specific,
LDWQDYADNERMK,Specific,
FDTHDYAYSQPNK,Specific,
RGFVYHTDPHYLK,Unknown,
DDLQDYSALLRAK,Specific,
RDHDYAWYWQNKK,Unknown,
HDDLHDYAFLHKK,Specific,
TMDLHDYSSWAHK,Specific,
PRQYVDLSDYAAK,Specific,
LTHDTVHDYADSK,Unknown,
KLPGVDVHDYSYK,Specific,
VVNDGPDYAAYHK,Specific,
STNHEDWTDYADK,Specific,
DLDEDLADYAFHK,Specific,
DFSFSDLADYDSK,Unknown,
FNVPQDVPDYAVK,Specific,
DKRDYAAPRFMFK,Specific,
FPVVDWEDYATWK,Specific,
HQFDKDLQDYAEK,Specific,
ANRYDMMDYAASK,Specific,
VAAKDVPDYSAWK,Specific,
PHSFDFPDYSARK,Specific,
MMDMEDYSWDPEK,Specific,
LDDLEDYAGGRQK,Specific,
SDDVEDYASFPGK,Specific,
YDVLDYADDKKLK,Specific,
VFKDDWHDYAHQK,Specific,
YWSYMDVHDYAEK,Specific,
DGYEFLDVEDYAK,Specific,
VQEMVDWQDYSDK,Specific,
GDMDHYAEFGKVK,Unknown,
YVAEQDLQDYAEK,Specific,
DMSRYYDVEDYAK,Specific,
MMMVDSPDYAANK,Specific,
EPMDLHDYSAWGK,Specific,
PDAWDMKDYADPK,Specific,
DQMGDLHDYAAQK,Specific,
ADKMDYASEHYFK,Specific,
MQHHPDVEDYAAK,Specific,
HYLDDVQDYAGHK,Specific,
YMWGDWEDYAEPK,Specific,
VWDQPDYSAFEYK,Specific,
LAAYDMLMVRFWK,Unknown,
NSDVADYADDYSK,Specific,
YAWFADMQDYSDK,Specific,
GYVVDKQDYAMVK,Specific,
DHMGLDKADYAEK,Specific,
FFSKDKQDYAVYK,Specific,
ESENVDYEDYAEK,Specific,
MFVQDLMDYAHNK,Specific,
WGHDVKDYADFQK,Specific,
LFYFMDRADYASK,Specific,
DWDSWDKQDYAHK,Specific,
LTDVMDYAAKEAK,Specific,
SPNKYQEDYAQGK,Unknown,
ASVQDLEDYADRK,Specific,
FPFTSDAVDYADK,Specific,
NWLQNDKKDYAWK,Specific,
YSFFLDWAAYADK,Unknown,
KDVPDYAEWEHYK,Specific,
LTVHSDFHDFSEK,Unknown,
VVASDVQDYATWK,Specific,
EMLGDLADYAGPK,Specific,
KPTEDVTDYADPK,Specific,
FEPENDTQDYAAK,Specific,
WPLEDVVRDYSFK,Unknown,
TSVAEDLEDYANK,Specific,
LQTLTDMHDYAQK,Specific,
LWLQDHHDYASKK,Specific,
GDPANDWQDYADK,Specific,
VTAEDVEDYAGTK,Specific,
RMFWGDMKDYAEK,Specific,
YDSNDLHDYADGK,Specific,
EPVQNDVADYSAK,Specific,
NMQKDLQDYSWRK,Specific,
HPMAYDVTDYADK,Specific,
ADWQDYAETTWRK,Specific,
FGGDYDVQDYAMK,Specific,
QDFHDYAAHFPGK,Specific,
TSMMADWHDYAFK,Specific,
WRYYDLGDYAEHK,Specific,
QPEQDLWDYAHFK,Specific,
PLEQADVPDYSHK,Specific,
ASVNDVVDYAEAK,Specific,
YADYHDYASDFHK,Specific,
YSQWRGDLADAYK,Unknown,
FNDVHDYASTMVK,Specific,
RQLFDVVDYAARK,Specific,
FLFEQDLVDYDSK,Unknown,
KQDHPDYAAVFWK,Specific,
HYFYGKDLEDYSK,Specific,
FFEDVGDAEDYAK,Specific,
LANTMLWEDYAEK,Unknown,
FMGGQDLKDYAEK,Specific,
LTTGDAPDYADGK,Specific,
WALADMADYAGPK,Specific,
AFYQNLDLEDYAK,Specific,
LVDFPDYSSRSPK,Specific,
DPPQWDLHDYAYK,Specific,
HHSQWDVQDYSAK,Specific,
KNDLHDYSHHAFK,Specific,
MAYTFDLWDYAHK,Specific,
PTATLSDVQDYAK,Specific,
FDVHDSSFRYTYK,Unknown,
LLHDKHDYSFHDK,Specific,
DHVGDLGADYADK,Unknown,
VRGFDLQDYADKK,Specific,
LSDKMDYAPQEYK,Specific,
QWWPDRQDYAHRK,Specific,
QDLEDYAHSAPTK,Specific,
FFMDQEDYADTNK,Specific,
HEAVMDLGDYAAK,Specific,
LSATGDVEDYAMK,Specific,
QRFGNDVQDYSFK,Specific,
YGWEGLDVPDYAK,Specific,
DLEQEDLADYAEK,Specific,
WETTMDKEDYAFK,Specific,
VLQYKDLNDYADK,Specific,
LEAYMTKDMYNKK,Nonspecific,
WVLVFDRQDYAEK,Specific,
HTTMMDMPDYAQK,Specific,
LQVFKDKVDYAEK,Specific,
GGWPDVDVDPYAK,Unknown,
FNTQLDARDYAEK,Specific,
QLVYGDMEDYAVK,Specific,
VMTVMDPRDYAHK,Specific,
WDMYDYADHRHDK,Specific,
FYFFSDTPDYAAK,Specific,
YMVDMADYSAGVK,Specific,
DARSDLRDYVDRK,Unknown,
PSDNLEDYASGHK,Unknown,
LLYSDLQDYSDTK,Specific,
LNHNVDVSDYASK,Specific,
WKAQADVRDYVDK,Unknown,
LRWHNDWQDYAYK,Specific,
PMGVPDTPDYSSK,Specific,
FFQTDKEDYAFGK,Specific,
SFDVADYADAAGK,Specific,
GVRKDVPDYAYVK,Specific,
TSYGWDQQDYADK,Specific,
DFLHDYATMTVYK,Unknown,
NWMVQDLHDYANK,Specific,
PEHDDWDMPDYAK,Specific,
MFGDMPDYAWHNK,Specific,
SRDVHDYAYYQAK,Specific,
VFGDLPDYSSTSK,Specific,
TFFVADTMDYADK,Specific,
FGYMTDQQDYSEK,Specific,
GDVMDYADKHAVK,Specific,
TNDVKDYAEPYVK,Specific,
YGTFWDVADYAHK,Specific,
MDVKDYAESTRPK,Specific,
KFVWSWDVMDFSK,Unknown,
EDLEDYASFQVGK,Specific,
PYAAEDWMDYAAK,Specific,
TLQKDLHDYAWKK,Specific,
KLPVDVHDDFTGK,Unknown,
SRFDYWDYADHDK,Specific,
LRMFQDMRDYAEK,Specific,
DQHTTMYLEAHHK,Nonspecific,
HSHTMDMVDYAAK,Specific,
FGEGADLEDYSWK,Specific,
LFRWFDHHDYSFK,Specific,
FDLEDYTMPVPYK,Unknown,
HKVNFDRTDYADK,Specific,
LLDLEDYAQRKYK,Specific,
VWLNEDVADYANK,Specific,
DNMHDYAYFADLK,Unknown,
LQTMDVPDYSQVK,Specific,
VGPQKEVTDYADK,Unknown,
HYMLLEDKDDYAK,Specific,
PGLLLPDYDPYAK,Unknown,
RWDMRDYADVLKK,Specific,
LRQWLDKHDYAHK,Specific,
VDLEDYANQAYSK,Specific,
AETDLEDYAYLRK,Specific,
KSTLLDYPDYAYK,Specific,
FDFQDYSATVEEK,Specific,
MTTDLVDYAAGGK,Specific,
VEDLHDYAAMWWK,Specific,
AVSHVDFHDYAEK,Specific,
WDLYDDKTDYAAK,Specific,
DPLTYEDMDHYAK,Unknown,
MVKFFDFPDYSDK,Specific,
KMFVNDMVDYASK,Specific,
KFDDLKDYAHLPK,Specific,
ADMPDYAATYHDK,Specific,
VHQLQDLHDYAEK,Specific,
PKQFHDKLDYADK,Specific,
EYDLFDYADNVGK,Specific,
FWPSPPDKEGYQK,Unknown,
EDLRDYAHKHFEK,Specific,
YAGMVDLSDYAQK,Specific,
MAAFQDLADYAVK,Specific,
VTPDSPDYADFPK,Specific,
WAEDYHDYAHQYK,Specific,
TWETKDLRDYVDK,Unknown,
QNLTDLQDYAWDK,Specific,
MMTEDPRDYAFFK,Specific,
SVDMPDYASPFQK,Specific,
LSDVEDYSGWKPK,Specific,
HLEDMQDYAKVDK,Specific,
SDDLLDYADWRPK,Specific,
NLNLWDVPDYAMK,Specific,
PFLARDLADYAWK,Specific,
MGGAEVDLMDYAK,Specific,
PVVDFEDYASYPK,Specific,
VNTDHDYAFWLWK,Unknown,
WNVMGDVPDYSWK,Specific,
NEYGDWPDYAALK,Specific,
WWLGDVDDYSALK,Specific,
MQDQEDYASLEWK,Specific,
TWDDPDYAAKVPK,Specific,
EPYDVEDYANAVK,Specific,
ATQYDMPDYSEPK,Specific,
WTDLQDYSFDVRK,Specific,
AWRPLDLWDYAAK,Specific,
LDTDMEDYAHAYK,Specific,
TDFDFHDYASHFK,Specific,
WPYDLHDYAFWSK,Specific,
RPVPSDLPDYSSK,Specific,
RDLQDYAFKERGK,Specific,
DNLPDYSAGLMLK,Unknown,
KDVMDYASHFNTK,Specific,
MNMETDMPDYASK,Specific,
LDDVQDYSKNVTK,Specific,
VHVRDLEDYASFK,Specific,
HLLDQTDYAALAK,Specific,
FFDLPDYSVPKLK,Specific,
SFESDTPDYAALK,Specific,
YLPDREDYANLGK,Specific,
NWDVDLPDYAVYK,Specific,
KDTDASVMDYAAK,Unknown,
GMDDVEDYATWGK,Specific,
PHDDTWDYADVQK,Specific,
RLQDLRDYAGWNK,Specific,
TQWDMHDYAHPAK,Specific,
QPPEADLTDYADK,Specific,
WQMTDLQDYAAKK,Specific,
MVDVMDYASAENK,Specific,
LASDDFPDYAEAK,Specific,
LTENSGLSFKGSK,Nonspecific,
FDHFEDLWDYADK,Specific,
PNWETDAPDYAVK,Specific,
WLVNDVEDYALTK,Specific,
DFDKEDYARVWTK,Specific,
DMHMFDVQDYAQK,Specific,
WSPSRDVQDYAAK,Specific,
SVKDFEDYASHTK,Specific,
WLPVMDYHDYAYK,Specific,
FVQKWDFVDYAAK,Specific,
TVGMHDMQDYADK,Specific,
MVFDMHDYAYSMK,Specific,
EVDLSDYADKVGK,Specific,
DVRDYADTLGHQK,Specific,
MWDVHDYAQAPGK,Specific,
QRDVPDYAAFYVK,Specific,
NERDYSDLLNVQK,Unknown,
WYPWYGFNYHQPK,Nonspecific,
KLADFKDYADVKK,Specific,
YSQADWRDYAAVK,Specific,
VYDLSDYADKVGK,Specific,
LDAYDSTDFYSWK,Unknown,
LDAYMQRSQYADK,Unknown,
QMLTDVHDYSFPK,Specific,
KFNFTDQQDYSAK,Specific,
LMPDYAELSFRTK,Unknown,
AEDMHDYADQVAK,Specific,
YQYGFDKPDYAGK,Specific,
YNFEVDEVDYAAK,Specific,
PFDRWPDYASRSK,Unknown,
LVWTQDDVMDYAK,Specific,
KAMDPVDEKNNNK,Unknown,
WNKKEDLRDYAAK,Specific,
PPGHDHHPDPSDK,Unknown,
AGLFEDVKDYSAK,Specific,
YGFVADLFDYAFK,Specific,
FNLDQDKKYDAGK,Unknown,
DELVWFNMGYFYK,Nonspecific,
HQTYDLQDYSWNK,Specific,
QDLQDYSWHGFAK,Specific,
LMLLADKMDYANK,Specific,
FGWFDRPDYASHK,Specific,
MSTNPDVGDYAAK,Specific,
YWEFLMLHDYAAK,Unknown,
YFYFDMHDYASDK,Specific,
LFHDMDVPDYADK,Specific,
ESEDMPDYALYWK,Specific,
YGYEDLEDYSVNK,Specific,
DKHDYAERWVFQK,Specific,
FFRDFDMPDYANK,Specific,
AAQDLQDYAGWLK,Specific,
ADVPDYADMADHK,Specific,
LPDLQDYSFWFGK,Specific,
HYHTDHRDYAHMK,Specific,
TSVDVHDYSAHFK,Specific,
SSMQDLQDYADPK,Specific,
TDYFWDKQDYSWK,Specific,
MLDVHDYSAVYVK,Specific,
VMDADMADYAHPK,Specific,
VLLADVADYSHPK,Specific,
LDREDYASWKAPK,Specific,
NMKYFDVEDYAQK,Specific,
YAYDDAEDYASSK,Specific,
EVMFRDYHDYAFK,Specific,
PLEDLEDYSNTDK,Specific,
PQGNTDLHDYSYK,Specific,
AWTFHVWFRPMMK,Nonspecific,
MPLDVGDYAAQNK,Specific,
VVLAMDQADYAAK,Specific,
KWMFDDQEDYAEK,Specific,
TKTYDHYDWDGMK,Unknown,
WLSDLKDYSGWYK,Specific,
FFDGDDLMDYADK,Specific,
KNGTVLDWEDYWK,Unknown,
DSFWMDVPDYSHK,Specific,
YGLDAHDYAHWPK,Specific,
RNFENDVADYAQK,Specific,
MKFVQTDDYAAPK,Unknown,
VLDDLDQPDYASK,Specific,
VDMVDYADTTRAK,Specific,
KWFDDYPDYSEKK,Specific,
LLQDMADYAEEQK,Specific,
MYHDPKDYSVLNK,Specific,
LWFDRKDYAEHSK,Specific,
FRKWDKQDYAYPK,Specific,
PSANDWHDYAHWK,Specific,
RLWHDLHDYSFEK,Specific,
VWEYQDYPDYAEK,Specific,
NRDDMHDYSYFRK,Specific,
EDLQDYAAWSWFK,Specific,
VDRWDYADRKFVK,Specific,
NNYDVRDYADQMK,Specific,
FNTPNDMADAYDK,Unknown,
LGNMHDLTDYAEK,Specific,
GYTGDLQDYAYEK,Specific,
TPNDLKDYAEVLK,Specific,
PMFDTFDLEDYAK,Specific,
AQNPVDMQDYASK,Specific,
WDTPDYADDKNFK,Specific,
AFWPLWDFDPAYK,Unknown,
NTDLHYDAHSWDK,Unknown,
PDFEDYAAVGSYK,Specific,
GSMSLNDVEDYAK,Specific,
VYVDDPDFSAYPK,Unknown,
LFDKHDYSQLEYK,Specific,
KHWWGDLEDYAHK,Specific,
EQDVQDYAGLQSK,Specific,
SRHSFDRHDYSFK,Specific,
LHDVWDHADYAWK,Specific,
FNFHGTDLPDYAK,Specific,
EYADVADYSSPFK,Specific,
ELHFDLEDYAYAK,Specific,
MNVAWDFPDYAYK,Specific,
HFNLDKKDYAHYK,Specific,
EAFEADTPDYDSK,Unknown,
PYSFLDVEDYAHK,Specific,
EMGLPDTMDYADK,Specific,
FDMQDYAEGDHYK,Specific,
WYYDYSYGGGFYK,Unknown,
TFDLQDYSAAPSK,Specific,
FGPVDLMQTSQGK,Nonspecific,
WSFTMDREDYATK,Specific,
HFDHLDREDYSSK,Specific,
AWYDKMDYASYEK,Specific,
FDAWNDQPDYSAK,Specific,
RMSTLDQHDYAFK,Specific,
VGYWTDRVDYADK,Specific,
DRWRDYSDPHVFK,Unknown,
NFPNEPDWDPYAK,Unknown,
VVEHPDVKDYAEK,Specific,
FGSFDDVPDYAQK,Specific,
LDVEDKWDYAYHK,Specific,
FTDLQDYADTNYK,Specific,
MPALRDYSPDLYK,Unknown,
AEGDDLADYAGNK,Specific,
APGDLPDYAVTNK,Specific,
FMVDMADYAARGK,Specific,
NLNVYDFHDYSFK,Specific,
WDQPDYSDNYMYK,Specific,
FGEPPEDLEDYAK,Specific,
TGLTAKDVDYAYK,Unknown,
YSDAPDYAQVYQK,Specific,
VSDVPDYAERSEK,Specific,
FSMDMEDYAHTHK,Specific,
LVYAYMLHDLYRK,Nonspecific,
YLDTEDYASAFGK,Specific,
WYDWLDMEDYSYK,Specific,
EQFHHYDLHDYAK,Specific,
FPSYADQHDYAHK,Specific,
MQDAHDYAEAWQK,Specific,
LPDKMDYAFRALK,Specific,
FADVPDYSGRAYK,Specific,
LTRAWKDVEDYAK,Specific,
FFHDLADYSAWYK,Specific,
FDKEDYARNRFPK,Specific,
AEDVADYAEWVHK,Specific,
LSTADEHDYAHLK,Specific,
FKDDLEDYSTSAK,Specific,
SFVVDMPDYASSK,Specific,
NAATYDMMDYSAK,Specific,
ETTWMDQPDYASK,Specific,
NSMVDDMMDYADK,Specific,
KEVMNDVADYASK,Specific,
DKQDMLYAAMHGK,Unknown,
LSAYMAWDGGLHK,Nonspecific,
VSNTNYDLEDYSK,Specific,
NFDVPDYAVPNRK,Specific,
VALADDPRDYAAK,Specific,
LFEFEDLMDYAVK,Specific,
SLMDLPDYADENK,Specific,
DYHDYAFYSHYNK,Specific,
KPQQVKDYAEHGK,Unknown,
VPYQDMRDYSDNK,Specific,
WAHALDLPDYATK,Specific,
HQDDYHDYAYQFK,Specific,
SKWWLADWPDYSK,Specific,
EWDKYDLGDYADK,Specific,
FADMPDYAGNVGK,Specific,
TEEDVEDYAMTFK,Specific,
QLDAFDRHDYSYK,Specific,
RLDFDYLGAYHGK,Unknown,
PMTEHDLRDYAWK,Specific,
MTFSTDVMDYSAK,Specific,
PVQEDWQDYSVRK,Specific,
NKKHDLTDYADRK,Specific,
PHLEMDQMDYAAK,Specific,
DFYRGDERDYADK,Specific,
GPVQGDVQDYAYK,Specific,
FNDVDQEDYAALK,Specific,
MKEDLQDYAASVK,Specific,
ADMDMQDYATAFK,Specific,
LRLDDKPDYSDWK,Specific,
VDLHDYSWSVTSK,Specific,
LFVDLKDYAQVPK,Specific,
GSELASYQKGSHK,Nonspecific,
WSWDENDMEDYAK,Specific,
PDKEDYAGSWEVK,Specific,
DRKHDYAWWVEEK,Unknown,
YTYDKMDYAATFK,Specific,
FMSLQFDMEDYAK,Specific,
MDLHDYAFTHHLK,Specific,
EGLGTDSHDYAFK,Specific,
FTDWPDYSDFYYK,Specific,
PTDLKDYADTSLK,Specific,
WDLPDYAHNYDWK,Specific,
WGWWVGPHQNFSK,Nonspecific,
YLQTVDTMDYAAK,Specific,
QAFHDKHMFDWSK,Nonspecific,
HDHWDYAAEEHWK,Specific,
LYWDMPDYAADKK,Specific,
VLKPTDMEDYSVK,Specific,
MGGAVDLDPYASK,Unknown,
ELTDLEDYAMGEK,Specific,
ESLDAHDYAFYNK,Specific,
WNAQYDTPDYAGK,Specific,
NLPHFGDLDPYAK,Unknown,
DTHDYAFHMEFSK,Specific,
MQDVPDYADWHSK,Specific,
ADPVMDKEDYAFK,Specific,
PLDDLPDYEVQGK,Unknown,
TWVDEFDLEDYAK,Specific,
MDLFDYADVERHK,Specific,
FAVWDKVDYAAVK,Specific,
VGGWLQKRDYADK,Unknown,
LTEVHSDYSATNK,Unknown,
LLPDQPDYATNMK,Specific,
MRDMMDYASGQVK,Specific,
SVVSVDMPDYAHK,Specific,
YGTDLQDYSFRSK,Specific,
MSWDLPDYATSQK,Specific,
TDDLEDYAVTNPK,Specific,
VDPEEDAHDYAWK,Specific,
KKGFYDAVDYADK,Specific,
HPFFMDKQDYANK,Specific,
YYNDLWDYAHYGK,Specific,
TVASGLSFKGHSK,Nonspecific,
VLDAYDYADASGK,Specific,
PGDWVDVNDYADK,Specific,
RAWKEDVPDYSDK,Specific,
NDLADYASKPHMK,Specific,
QPRFGDWADYADK,Specific,
TAADLPDYAAHKK,Specific,
TSNDMVDYADKTK,Specific,
ATMHHDLYDYAEK,Specific,
MMYHWVDMESDFK,Unknown,
FSTGWDLSDYSDK,Specific,
DVHFESDVPDYAK,Specific,
YLALMDREDYAKK,Specific,
GRVRDKLDYADPK,Specific,
PFYSMDMHDYAEK,Specific,
NKFLLDEEDYAEK,Specific,
LPDRQDYAWKFGK,Specific,
FEDNGDVEDYAEK,Specific,
YVMFDQADYADHK,Specific,
WAFDRDLKDYADK,Specific,
YQGKVDWPDYSDK,Specific,
ATMDFPDYADRVK,Specific,
FAFQQDQWDYAEK,Specific,
YYAAVDAYDYADK,Specific,
MNDVVDYADNQPK,Specific,
FYSFGDLKDYAAK,Specific,
MRSFWDKKDYAEK,Specific,
LGDQMDYADWSYK,Specific,
WNMFQDLHDYAYK,Specific,
YDVPDYSDMSPFK,Specific,
PSNWNFDLADYAK,Specific,
TAYVDQRDYADVK,Specific,
WYDFRDYADWYVK,Specific,
AYKSEDWADYASK,Specific,
EKDQFFFNHPQGK,Nonspecific,
PTWDVQDYSAPFK,Specific,
VPKFDWHDYASLK,Specific,
EQSKWDLEDYAQK,Specific,
PVWQPDMHDYANK,Specific,
HWEFDMVDYAQKK,Specific,
FQQLDRPDYAQYK,Specific,
MMDNYDYHDYSFK,Specific,
HFTDVPDYSAFHK,Specific,
MDQNFDLQDYASK,Specific,
LVDLPDYAAVFMK,Specific,
QRLQQSDVEDYAK,Specific,
LMFDQMDYADWPK,Specific,
TAFVDVRDYAEQK,Specific,
QSWQGDLMDYSEK,Specific,
LLFFDKPDYSHKK,Specific,
DLQDYASHLKVLK,Specific,
MPADLPDYAVHGK,Specific,
VSGGWLPDYAHYK,Unknown,
AKWSDLPDYANVK,Specific,
EVLPEDVHDYSFK,Specific,
GGVLRDVSDYAAK,Specific,
FNFYDMHDYAEVK,Specific,
EPSNNDLPDYAWK,Specific,
LYDLVDYAEKVSK,Specific,
VDYHDYAYVRPYK,Specific,
MTWFTVHDYASYK,Unknown,
YFQFDWQDYARWK,Specific,
VPLGTHDLEDYAK,Specific,
FPYDLTDYADFFK,Specific,
WWHYEDLPDYSYK,Specific,
WTMWNWDLEDYAK,Specific,
GFDDLQDYSWQGK,Specific,
AAPFDVEDYAMFK,Specific,
WWSVTGSQQDYQK,Nonspecific,
TSYLMNDKPDYAK,Specific,
HSFEPDARDYAAK,Specific,
TDQDLADYAAGNK,Specific,
FDWNPFDLADSFK,Unknown,
HKQDLAGDYSYWK,Unknown,
MGDVPDYSAMERK,Specific,
ESLPTDPDPYADK,Unknown,
FDWHDYAEHVQSK,Specific,
PDSALEDLADYAK,Specific,
VNDMHDYAYGPPK,Specific,
QNMNFDKPDYAWK,Specific,
TDVQDYAHSKVFK,Specific,
TMDVQDYAEKFFK,Specific,
LTLNDVPDYAVAK,Specific,
HDLHDYATNTFDK,Specific,
MTDREDYASPWDK,Specific,
EVQSADWEDYASK,Specific,
WGMLFDKRDYSAK,Specific,
HFDSDDLKDYAFK,Specific,
TYYVTDTRDYSDK,Specific,
DLDVDKPDYAAGK,Specific,
EMASDVQDYAVAK,Specific,
YDFDVEDYSHRVK,Specific,
DLALDMVDYSEPK,Specific,
QMMMYDDQPDYAK,Specific,
SPYDWDLDDYASK,Specific,
VDVQDGEYKTMYK,Unknown,
VDMKDYADAGTYK,Specific,
WVDTFDRVDYAEK,Specific,
KFFGDRRDYAELK,Specific,
FDKRDYAELWKAK,Specific,
YVHFDQQDYAHWK,Specific,
QDVQDYAHTFQPK,Specific,
LGDWHDYSFRNEK,Specific,
VLHDLEDYASHEK,Specific,
WTFKLDSHDYAYK,Specific,
PKRSDEMYDSLRK,Unknown,
EGVFDLADYAMDK,Specific,
YDLDLDPYAANWK,Unknown,
ASDLPDYADTLAK,Specific,
WDFDDYFDYADPK,Specific,
NTRFNDYVDYAAK,Specific,
FQDLMDYADLPKK,Specific,
WARAYSQDYSHFK,Unknown,
FQAFMDKEDYSFK,Specific,
NHVLDLHDYAEWK,Specific,
WETDTPDYATHWK,Specific,
AKGLDLQDYAAKK,Specific,
PSAMNDLADYAWK,Specific,
MNFDLLDYADENK,Specific,
LKHVDVADYAGRK,Specific,
YDVKDYAALWHVK,Specific,
FSDTHDYSAKYWK,Specific,
TQLDKPDYADVDK,Specific,
DMFKYDSHDYAYK,Specific,
TWHLYDLHDYAGK,Specific,
YDLPDYSHLFVNK,Specific,
PTMTDMKDYAATK,Specific,
MHTFDLPDYASEK,Specific,
LFFDWDLSDYAAK,Specific,
DGWQDYANKAFSK,Unknown,
GQMKFDLHDYANK,Specific,
FGGYDLQDYADHK,Specific,
MSWNFTDQEDYAK,Specific,
MRLRDLEDYADDK,Specific,
DVMMLDMSDYADK,Specific,
FANDLVDYADAGK,Specific,
ASVPDVRDYSDVK,Specific,
LDQGLDRHDYSFK,Specific,
PAKALPKPTGANK,Nonspecific,
FVMDDKHDYARYK,Specific,
EFEWYDTEDYASK,Specific,
HGMFLDQDPYASK,Unknown,
ADRMDYADWAVYK,Specific,
DDYHDYAHQMDMK,Specific,
LLDVEDYSAAGVK,Specific,
RKVDREDMAQFVK,Unknown,
WFMDAQDYADKMK,Specific,
ALKADLPDYAEYK,Specific,
PFRSDLQDYAYLK,Specific,
VRFQSDLMDYAFK,Specific,
FDQHDYAYARFHK,Specific,
KVDLKDYASHHTK,Specific,
YTNYPDKPDYVDK,Unknown,
EVFNDDWPYDATK,Unknown,
FSGMNDVPDYSQK,Specific,
FTFVEDQHDYSNK,Specific,
MGLPTDHHDYAAK,Specific,
NFLPYDKEDYATK,Specific,
LWDWVWWTHHPQK,Nonspecific,
WSEKLDLADYAQK,Specific,
PLKYRDVPDYADK,Specific,
AGLDLHDYSFTSK,Specific,
NPPDVMDYASEGK,Specific,
NAMDKDVPDYAVK,Specific,
FTAGADLVDYASK,Specific,
AGTDERDYADALK,Specific,
VADQADYSAWDSK,Specific,
AFDLLDYADPHYK,Specific,
VGDPGDLHDYAEK,Specific,
WDLPDYAVVEAYK,Specific,
VWGDQADYAAVNK,Specific,
HVEKWDLADYSSK,Specific,
WDTHDSYWNGWRK,Unknown,
FDMDVPDYAESGK,Specific,
VRQDVSDYAALPK,Specific,
VDGYVDLRDYAEK,Specific,
FPYLWDKWDYSDK,Specific,
RFVKDVHDYAFPK,Specific,
WALPFMDKQDYAK,Specific,
FEMDQHDYAADLK,Specific,
KHLLDMEDYAQPK,Specific,
EVDHHEDYAFNPK,Unknown,
RNGFFDKEDYADK,Specific,
GYNVFDKPDYAVK,Specific,
DYTPDYASWMPAK,Unknown,
WYWNQDVPDYSEK,Specific,
FDAKKDVTDYAEK,Specific,
VYTLDFADYAANK,Specific,
YYDVADYAFWEHK,Specific,
VYALLQDQPDYAK,Specific,
VSHWSDVHDYADK,Specific,
LNVNMVAYDHKMK,Unknown,
LRGTDTEDYAAFK,Specific,
MGTDFQDYADNYK,Specific,
MWKYDTRDYADVK,Specific,
FLVLDGPDYAAPK,Specific,
LQAAYDQADYADK,Specific,
PDNWDYSYNGFYK,Specific,
KSYDLQDYSYRNK,Specific,
SYVEKDLHDYALK,Specific,
QLRLPPDLMDYAK,Specific,
GHKLPPLHDYAFK,Unknown,
DMVHEDWTDYAAK,Specific,
HMEDVHDYAWVFK,Specific,
NHMRDMVDYADPK,Specific,
FYVWDPKDYTALK,Unknown,
WLFQNDRRDYAAK,Specific,
YVDKEDYSWYQFK,Specific,
LLAMVDKMDYADK,Specific,
FMDKHDYALYKKK,Specific,
DLRDYAELGAYNK,Specific,
PTALSDTQDYAEK,Specific,
LLDPYDTEDYANK,Specific,
DRKVDLEDYAHNK,Specific,
FLSFPDLQDYQSK,Unknown,
RRGNLDFKDYSDK,Specific,
VLDTPDYAATKEK,Specific,
FFREADKADYAKK,Specific,
VYGDRHDYAYHFK,Specific,
FWFNDDMPDYSEK,Specific,
TSYDLMDYAHQYK,Specific,
MWVDMADYADAAK,Specific,
GLVADLHDYSWAK,Specific,
VPDQPDYAAWLTK,Specific,
MFLMQDQQDYAVK,Specific,
RFSMYDMPDYAWK,Specific,
VPHVLADKQDYAK,Specific,
FDYDLDQEDYASK,Specific,
YQDVHDYAQVVHK,Specific,
MLDLDMEDYAGHK,Specific,
YDVPDYARYQAWK,Specific,
MPYYDVADYADYK,Specific,
WQDKHDYAFTPMK,Specific,
WSHYSDVPDYSEK,Specific,
DPMGDLQDYAYLK,Specific,
TQTPLDLEDYAVK,Specific,
TRVFDLVDYAAHK,Specific,
WMNDMEDYANHAK,Specific,
YMDQHDYSSSAYK,Specific,
QAFHLDLKDYTDK,Unknown,
WFYADFPDYSSWK,Specific,
LMDVEDYSHKPFK,Specific,
SNEFSDMLDYAEK,Specific,
DFHDYAHYWQADK,Specific,
YDALNWDVMYYRK,Unknown,
AQGPQDMADYADK,Specific,
MQMEFDQQDYSWK,Specific,
KLWQRDMHDYASK,Specific,
VTDVADYAQLMFK,Specific,
KRFLYDVHDYASK,Specific,
FYDMDLDDYAVRK,Specific,
LGGDLADYAATDK,Specific,
PRSWGDYPDYADK,Specific,
NDNVDLEDYAQYK,Specific,
YGDDVQDYAQVGK,Specific,
GMHDMLDYADMAK,Specific,
DGMMDYAAWYRPK,Unknown,
TASEFDSALAHDK,Nonspecific,
VNVDWPDYAWYRK,Specific,
FYMWVADKEDYAK,Specific,
YAAQEDMEDYSQK,Specific,
EFQTVDAYEYAAK,Unknown,
HLHSDDYQDYASK,Specific,
DVTLRDKEDYAYK,Specific,
FPWWYDAQDYSAK,Specific,
MQMMLDKADYAFK,Specific,
YEYWADEDPYADK,Unknown,
SEMTFDEEDYAAK,Specific,
WNNDWQDYAVPKK,Specific,
ADLVDYAQKAAYK,Specific,
SDRHDYAFAYWPK,Specific,
FFPDHPDYAEHAK,Specific,
TYEDLADYANDGK,Specific,
ELDPDMHDYAWTK,Specific,
KLEDKMDYAAVSK,Specific,
YWEFDMPDYSHGK,Specific,
HAYNHDVTDYAYK,Specific,
VFQFDDLRDYADK,Specific,
PATLDMPDYSEVK,Specific,
SGGTWDLEDYAWK,Specific,
AAWPDVEDYAQEK,Specific,
WAGELLDLDPYAK,Unknown,
WGFLTDLWDYSDK,Specific,
YKDMHDYSFLTTK,Specific,
EWQDWHDYAENSK,Specific,
KALMEDMMMAELK,Unknown,
MRDWHDYSYVHDK,Specific,
YSDLHDYAHNRFK,Specific,
ETFDVPDYAEATK,Specific,
YLVDLHDYAHKTK,Specific,
FTMPTWDVQDAYK,Unknown,
RNTADWEDYAAFK,Specific,
NENDWPDYAAVNK,Specific,
HFTDLPDYAGYQK,Specific,
MDLHDYAWGHVEK,Specific,
MTDLEDYAVFEEK,Specific,
MGWFYDLKDEFSK,Unknown,
AELPDVEDYSWNK,Specific,
NSFYDLADYADFK,Specific,
PDVRDYADMPEVK,Specific,
VFNDVGDYADVYK,Specific,
VFGGDDVPDYAMK,Specific,
KLVFDVRDYSDDK,Specific,
ADWEDYAQKHEWK,Specific,
LDLHDYADMVRWK,Specific,
MTDWPDYAMLDPK,Specific,
TVGEPDVVDYAHK,Specific,
LVLFDATDYADSK,Specific,
NYFGWDLPDYSNK,Specific,
MFVDTHDYAYMEK,Specific,
VFHDLNDVQDYAK,Specific,
HWLSDWRDYSDYK,Specific,
ALQEGDLPDYAVK,Specific,
FPSSDVPDYAFSK,Specific,
ESLHDYATLWFRK,Unknown,
DDWPDYLWAHGFK,Unknown,
LYLGADMQDYAEK,Specific,
WYPPEYYAAMFWK,Nonspecific,
VFMTDTPDYAVFK,Specific,
WDFKDSYEDYAEK,Unknown,
SFYGSDLLDYADK,Specific,
QNDLHDYAHAAWK,Specific,
LTFDKHDYAYEKK,Specific,
PVNWQTDQPDYAK,Specific,
YLAVYDLPDYSDK,Specific,
RYFWFDAQDYAYK,Specific,
HYPLDMHDYAGGK,Specific,
AAFDDMYDGAAKK,Unknown,
FGAVSDQVDYAFK,Specific,
FAEDLKDYAHFSK,Specific,
DSMADYADAVFYK,Unknown,
YDFEYDTEDYQSK,Unknown,
FLLDQADYADWMK,Specific,
LTVPDDYDPYGSK,Unknown,
LTYSWDMEDYAMK,Specific,
KDLHDYSFTPVSK,Specific,
GVEVRDYADPFYK,Unknown,
VHEFDLATAYSAK,Nonspecific,
FSSADLTDYAASK,Specific,
LMFFQDVQDYAAK,Specific,
FSQLSDVPDYSVK,Specific,
EQWDTEDYVVTNK,Unknown,
FYDALDYADQHSK,Specific,
FVQDWADYAHVDK,Specific,
FDFQDYAALYQNK,Specific,
FMHLEQDLEDYAK,Specific,
FHNDVPDYASSDK,Specific,
DNKDVRDYAERWK,Specific,
MMTTNDWQDYAYK,Specific,
LGEDLHDLADYAK,Specific,
GFHTLDVWDYADK,Specific,
VGWADLKDYAARK,Specific,
FSWFNDYPDYSEK,Specific,
FNMVRDWPDYAAK,Specific,
DALSDLPDYSASK,Specific,
LLQWNDVEDYSSK,Specific,
SGYDWEDYASHYK,Specific,
PFNSTDMPDYSDK,Specific,
FADLEDYAKPRPK,Specific,
LWSYMKPDVMGVK,Nonspecific,
KLDVPDYADNQRK,Specific,
RSFQQDWHDYAVK,Specific,
DMVEDYAFVPWAK,Unknown,
LVYEFDEDYPAGK,Unknown,
MVDMADYAGGGDK,Specific,
PDLHDYSHRNRLK,Specific,
VGPVVDLDDYAYK,Specific,
FVDDWPDYAMFQK,Specific,
DSDLKDYAHFTGK,Specific,
LSFFEDETDYAAK,Specific,
YFLWDLHDYALQK,Specific,
ETVLDVMDYAATK,Specific,
FLAYDRRDYSERK,Specific,
HEPWDMNEYADGK,Unknown,
HMQNYDMMDYAHK,Specific,
FKPLSDRKDYSDK,Specific,
RYMKFDFPDYAQK,Specific,
WVEPDWPDYSSGK,Specific,
ELTEADFQDYAYK,Specific,
FGDVEDYALGAFK,Specific,
FEGDYEDYASTSK,Specific,
HYFVFDRTDYAAK,Specific,
FMWADAEDYAESK,Specific,
HHALDDWQDYADK,Specific,
MDLGWNDLEDYAK,Specific,
WSATEDLADYADK,Specific,
DDQWEDVADYASK,Specific,
WTAVHDYNHHHAK,Nonspecific,
FDMKDYADVASPK,Specific,
FAVFGDVSDYASK,Specific,
YEWVDLEDYAKEK,Specific,
HDLQDYAGAGFRK,Specific,
ALRDKVDYAFHMK,Specific,
YAVGGDFPDYAAK,Specific,
DRWEYDLHDYAKK,Specific,
GLARDWEDYASLK,Specific,
SPLDVPDYADHNK,Specific,
ADWSLDFNPYTDK,Unknown,
FDMHDYAATDVYK,Specific,
NHVYDDWWDYAHK,Specific,
LNVSDDFPDYSAK,Specific,
SADMDDLYDYADK,Specific,
DMRDYADQGVVWK,Specific,
KKDLHDYAAFLPK,Specific,
WLTVLDWEDYANK,Specific,
LVYPDLHDYAEAK,Specific,
HFDVRDYSDNMHK,Specific,
WYTSDWADLMVAK,Unknown,
MVKFFDKQDYSQK,Specific,
HGGLPDKPDYAYK,Specific,
KVLPVDRVDYADK,Specific,
LTDFHDYAADREK,Specific,
PNAANDVKDYAWK,Specific,
FYPDHPDYADFAK,Specific,
DSLPDYADLSGFK,Unknown,
VQETMDAHDYAYK,Specific,
FQWLKDVPDSYWK,Unknown,
KNDLPDYAHFGGK,Specific,
MQMDMDMVDYAEK,Specific,
YDWFSDGHDYAHK,Specific,
MNDHPDYASFGVK,Specific,
MGLDTDMMDYAEK,Specific,
VSADTHDYAYMYK,Specific,
WGTDVQDYAEVGK,Specific,
LFAKDVQDYSMSK,Specific,
DELYTDMEDYASK,Specific,
VNGTDDLTDYSAK,Specific,
WGNVGDMTDYAEK,Specific,
AGEPDHVPDYASK,Unknown,
FWFWGSNYEHQPK,Nonspecific,
NWDKTDYAEQFFK,Specific,
GPNDMEDYAHVPK,Specific,
TNVDWHDYSHSWK,Specific,
KDLRDYASMVQGK,Specific,
PVWYQTDAEDYAK,Specific,
SDVHDYSFTPNAK,Specific,
RDLHDYSGPRSNK,Specific,
LNKQADYAAHKNK,Unknown,
GVPDLKDYAYEPK,Specific,
FPVYPDEYDYADK,Specific,
WMFEDDFPDYAYK,Specific,
VTDAPDYADSYTK,Specific,
FAGLVDAKDYAEK,Specific,
LQQLVWDLEDYAK,Specific,
KSAYMHDLEDYAK,Specific,
FDVQDYAFYAHLK,Specific,
TMWTGDAHDYAEK,Specific,
HWTDVRDYADHFK,Specific,
TWVWDARDYADVK,Specific,
VGNDAHDYAWSSK,Specific,
MFSVADKADYAVK,Specific,
ESYLFDFTDMSAK,Unknown,
FDLPVDFHDYAEK,Specific,
MDLQDYASMFFLK,Specific,
ETNPTDFPDYAWK,Specific,
WMMPGDADPYADK,Unknown,
WYDYDKLDYAAHK,Specific,
EAYFADYVDYADK,Specific,
RLVDWPDYAEKMK,Specific,
SFWDKADYAAEPK,Specific,
MPAFPDEPDYAHK,Specific,
LVPLDVADYSAAK,Specific,
GDLQDYAFVNNLK,Specific,
LDYEDLPDYSGTK,Specific,
QFTDLPDYARWAK,Specific,
ENFSDAPDYADNK,Specific,
MSVADWPDYADVK,Specific,
GVSTTDAQDYAFK,Specific,
GLFADDMKDYAAK,Specific,
VWKGELDLEDYAK,Specific,
FDKADYASMNYVK,Specific,
PTLWFDLDDYAHK,Specific,
LWMLDLEDYAKEK,Specific,
VEFDRRDYAGLPK,Specific,
NKHLDDKVDYAWK,Specific,
FSLDLWDYAQRGK,Specific,
RQLLMDKRDYAEK,Specific,
LTDWSNSSATAGK,Nonspecific,
FVYDMMDYADWRK,Specific,
GSDLRDYASQEYK,Specific,
YTDYFHMTTYMWK,Nonspecific,
QVDTRDYSDLYFK,Specific,
WYADHPDYSSSSK,Specific,
YNQDDLHDYSYPK,Specific,
DLQNHDLRDYADK,Specific,
MLQLLDWKDYADK,Specific,
EANEDMVDYAANK,Specific,
FRQFWDVVDYASK,Specific,
YPNGDLEDYSARK,Specific,
GHSEVTDYADHWK,Unknown,
HTAWNDLEDYSKK,Specific,
QYYLFDLQDYAVK,Specific,
LTANSDLFDYSDK,Specific,
NAVTHDLQDYAEK,Specific,
DELDRDYAHVYKK,Unknown,
RLVHFDKHDYSDK,Specific,
LALEDMADYESVK,Unknown,
PMVQRDLADYATK,Specific,
PDANLDQADYAAK,Specific,
QQLDLQDYVVTNK,Unknown,
WDMPDYTDSLYRK,Unknown,
SGRYMVMKDYADK,Unknown,
PTQMPDLHDYAWK,Specific,
TFLDQHDYAHRWK,Specific,
AKQMDLQDHHAQK,Unknown,
HFTDMQDYSDREK,Specific,
VRTLRDLEDYAVK,Specific,
WEMWHDMQDYAEK,Specific,
WMKDLVDYASVQK,Specific,
PMYWYDYRDYSDK,Specific,
FDTHDYAETYMYK,Specific,
VDLADYADHGEAK,Specific,
FAHRDVEDYAYAK,Specific,
LVQYPDLPDYSWK,Specific,
ESDLYDYADTMYK,Specific,
SWLHDVHDYAFFK,Specific,
AENTWDYHDYAFK,Specific,
YSVYMDHEDYAHK,Specific,
EDVEDYASSWLTK,Specific,
DVDVHDYAYAGEK,Specific,
MAPYDLQDYANKK,Specific,
VNEQKDVADYAYK,Specific,
GQRKEDLQDYAFK,Specific,
FQEDWEDYSERPK,Specific,
VWQYSDPRDYAQK,Specific,
LALEVDVMDYAAK,Specific,
LQYTWDMHDYAQK,Specific,
FFLEVDRVDYASK,Specific,
AFTLDDEPDYAAK,Specific,
PVQDLQDYAMANK,Specific,
LEYSDDVTDYSDK,Specific,
MMSMVDKPDYSWK,Specific,
YNTVEDMADYADK,Specific,
SEDVPDYSGVFHK,Specific,
EVLQDYAFVVQGK,Unknown,
PNHWYDKHDYSYK,Specific,
EYTAYDWMDYAEK,Specific,
YGHLDYLDRSDRK,Unknown,
YHFRYDYPDYAWK,Specific,
RTVWGDKHDYAFK,Specific,
WEQMDLHDYAMTK,Specific,
WWHDQHDYAHWTK,Specific,
DNMYMDEDPYAAK,Unknown,
LEYDKEDYAQMDK,Specific,
AVTEEDLEDYAGK,Specific,
VEEDVADYSDLPK,Specific,
WEPMPDAQDYANK,Specific,
GMASDMADYAAGK,Specific,
AFYVVDLKDYSWK,Specific,
MDLPDYADSHKVK,Specific,
RTMDLRDYAEEPK,Specific,
YYLNVYVLADPPK,Nonspecific,
VYFYDSPDYAELK,Specific,
SSVGDDVQDYAHK,Specific,
VFHTDVEDYAGLK,Specific,
QDQPDLQDYAVTK,Specific,
KVEVPDLEDYSHK,Specific,
EGWSDLPDYAPFK,Specific,
FEVPQWLYGQTWK,Nonspecific,
PMPGWDATDYADK,Specific,
MDVQDYASRPQFK,Specific,
LLVLLDYMDYAAK,Specific,
TWDLEDYAEGAPK,Specific,
FQYFDMHDYASQK,Specific,
KYVDDKMDYAQYK,Specific,
FDVHDSFFHHHLK,Unknown,
HGLRDVGADYAAK,Unknown,
WGNMDVKDYADNK,Specific,
TLDLKDYAEFRAK,Specific,
LTMHGWMADVTGK,Nonspecific,
FNTDLQDYAHNFK,Specific,
QLDNDLEDYANVK,Specific,
QGVHYDMADYAAK,Specific,
YYEDLEDYSGMMK,Specific,
WLADVWDYADTKK,Specific,
DNMYDYADPLFAK,Unknown,
YFWWDTPDYAHFK,Specific,
WWAENDWLDVYHK,Unknown,
FDEPDYAAWEQGK,Specific,
LNMDLEDYAVPKK,Specific,
EVPDYADRHDLNK,Unknown,
KVDVDVHDYSYVK,Specific,
LPYLFDMHDYASK,Specific,
VPTDVQDYAHPRK,Specific,
LVNQLDMPDYSHK,Specific,
FMPRFDTRDYAEK,Specific,
TYLEWDRADYASK,Specific,
WNKFKDDVEDYAK,Specific,
TPQMEADVDPYAK,Unknown,
HHTYDLPDYSFYK,Specific,
LNSHLYAHPVYMK,Nonspecific,
LHFGMDMHDYAWK,Specific,
LVFQMDQEDYSVK,Specific,
PYAMDDLPDYSWK,Specific,
KYQYMDKPDYAYK,Specific,
MQKDVPDYADFAK,Specific,
WAWQTDTQDYASK,Specific,
RWDLQDYAWYQGK,Specific,
YDVQDYADEYGYK,Specific,
VPVAVDMPDYARK,Specific,
VMANMDVQDYSDK,Specific,
KGVVDDLPDYAGK,Specific,
FDYGRAQDYAHDK,Unknown,
WQESNWSHPQFEK,Nonspecific,
FYMHDAFQDYAHK,Unknown,
AHVDLEDYAENQK,Specific,
WEQDTRDYADSLK,Specific,
RKFLNDMPDYAMK,Specific,
YWLTWTTDHGQPK,Nonspecific,
PHAQDWHDYAFKK,Specific,
AFNTDMMDYADFK,Specific,
EFADAEDYAQQMK,Specific,
LVDVPDYALAQRK,Specific,
KTGQGDLPDYSYK,Specific,
PFFAYDKADYSVK,Specific,
RTYVFRDVEDYAK,Specific,
PHQRDLQDYSYWK,Specific,
RMQFRDVHDYAAK,Specific,
DEWPDYADFETHK,Unknown,
LHLRGDRVDYSAK,Specific,
FWAHRDKPDYASK,Specific,
YSGDYQDYAALDK,Specific,
FEAYDVWDYAAKK,Specific,
PEDWGDAVDYADK,Specific,
YSATVWEDYAVRK,Unknown,
PLVDPDLADYANK,Specific,
GAPMQDVVDYSDK,Specific,
RQTLTDLEDYAAK,Specific,
NDLEDYSAKLARK,Specific,
NPWFKDMHDYSWK,Specific,
FSDDDVHDYSAMK,Specific,
FPWTEDVPDYSWK,Specific,
FWVLGDQTDYAHK,Specific,
NFDLEDYAHRDSK,Specific,
NTRWYDWQDYADK,Specific,
FSDEQTDLADYAK,Specific,
WMVDAHDYAFSAK,Specific,
MDLHDYAWTPHSK,Specific,
NNGGGLGSGQASK,Nonspecific,
LLALADMHDYSHK,Specific,
LMYWHDLVHDSFK,Unknown,
WVQDMEDYAGNEK,Specific,
GTYWDQPDYAAFK,Specific,
DNKMDSFDRLFPK,Unknown,
TPGVMDLQDYANK,Specific,
KQADDMGADYSYK,Unknown,
GLANDLHDYAGYK,Specific,
WLKRGDYHDYAFK,Specific,
NEHDYAYQFGNPK,Unknown,
MVADMDPYASKSK,Unknown,
NLDMVDYATNWPK,Specific,
NFSWWDLQDYAMK,Specific,
LQQLDTPDYASWK,Specific,
PYLANDVADYAAK,Specific,
QVFDLQDYAWAAK,Specific,
LEGRDDLPDYADK,Specific,
LYVMGDMHDYAYK,Specific,
WHDDLQDYSRYFK,Specific,
LLWNADMPDYSGK,Specific,
HFDLHDYASAGGK,Specific,
TEDWHDYAFWGFK,Specific,
LKLPDMHDYSFGK,Specific,
NGHDWPDYAAVRK,Specific,
NDLHDYAYDEFSK,Specific,
DMLWDLQDYASHK,Specific,
QKFDVHDYAYLSK,Specific,
EMWADLPDYAHAK,Specific,
LSNLDLQDYAAGK,Specific,
NRWKPDLEDYSAK,Specific,
RFGDKVDYAAREK,Specific,
DPWYWDMTDYAEK,Specific,
ATHELDVVDYADK,Specific,
VFVWDWSSSNSFK,Nonspecific,
NPAWDVYDFSDAK,Unknown,
GMRVTDLPDYSAK,Specific,
WTVLGDRHDYADK,Specific,
WTFPLDLEDYAEK,Specific,
WLDYSWYHWFPGK,Unknown,
EYLWDMEDYAGSK,Specific,
DEHDYAHVSRFLK,Specific,
VQTFTDLKDYAWK,Specific,
NKQDYLDVPDYAK,Specific,
DLHDYAVAKYNLK,Specific,
MDLADYAAMSHVK,Specific,
LLWDSPDYAAYFK,Specific,
FDMEDYANVLGVK,Specific,
SQWTDWHDYAANK,Specific,
RVKQFGDLHDYAK,Specific,
FEMLEDLVDYASK,Specific,
QSMPDFEDYAAFK,Specific,
LDLHDYSYNFQPK,Specific,
PGNSTDWQDYANK,Specific,
SPNEDWQDYADGK,Specific,
YNFFEDWEDYAVK,Specific,
FSLADKADYAAQK,Specific,
ASWQDDVDDYAAK,Specific,
KWFRVDLMDYAAK,Specific,
ANLLDKADYADGK,Specific,
WVPDLRDEYGWFK,Unknown,
YFDQVDYADYENK,Specific,
KASFADAVDYAEK,Specific,
WWMVDMQDYAARK,Specific,
FQATFDMEDYAMK,Specific,
ADYDTPDYATMPK,Specific,
FFLMMGDKEDYAK,Specific,
TWSRHDLTDYAEK,Specific,
PVDVMDYSSWGFK,Specific,
LVVNFDLQDYADK,Specific,
LPDLPDYAVVNWK,Specific,
KVDDYADYAAKMK,Specific,
NKLDLHDYAFHDK,Specific,
YGSQGDYADYADK,Specific,
KDLDWEDYAANQK,Specific,
NPFTDFPDYAFYK,Specific,
MYDLPDYVEMHLK,Unknown,
LMPLGDTQDYAHK,Specific,
DLHDYAYDHFVWK,Specific,
LFQDDLEDYAMTK,Specific,
DLMNGDLRDYSDK,Specific,
SALDVDMMDYSAK,Specific,
FGDFLSDPRDYAK,Specific,
QQLPNDMMDYAHK,Specific,
WGNVDAQDYAASK,Specific,
STTFNDFPDYSSK,Specific,
ESSLDDFMDYAAK,Specific,
WVPHDMHDYAHMK,Specific,
FQVNFDEQDYAHK,Specific,
RVALSALKDYADK,Unknown,
QYDLPDYSYDPFK,Specific,
WFSDWWYTHPQNK,Unknown,
PNQYSDLADYATK,Specific,
HDTDVPDYSAFHK,Specific,
NPGGFDMTDYAAK,Specific,
FLFDLVDYSTKSK,Specific,
TRWLRDTEDYAVK,Specific,
MALVDVTDYAAGK,Specific,
SPLEDVPDYSRTK,Specific,
FKAVMDMWDYAHK,Specific,
WDKHDYAQSFDMK,Specific,
VWALEDTEDYAGK,Specific,
HHMDMPDYADSFK,Specific,
DYKMRDLEDYATK,Specific,
PLDFKDYADEPKK,Specific,
LNGVADVEDYSSK,Specific,
VWDKENYAVRLYK,Nonspecific,
DLVFYDLRDYSSK,Specific,
EPVMWDKQDYAAK,Specific,
TMYYSDAEDYAAK,Specific,
GNMNLGDLEDYAK,Specific,
FFDYEDYAASYTK,Specific,
LESYDVVMKLVFK,Unknown,
FSQEVDLLDYSDK,Specific,
LLMMDVTDYAGDK,Specific,
VRFDKQDYSYYRK,Specific,
LTGYDQEDYAESK,Specific,
TNGFMYDVPYADK,Unknown,
DLVEDYASWYEFK,Unknown,
AGYFLDKQDYSHK,Specific,
MPQPMDMEDYAFK,Specific,
YYMKLDWEDYAHK,Specific,
LAMMDYQDYADKK,Specific,
YADMHDYAAPQTK,Specific,
QAGTVDLHDYAFK,Specific,
MDLEDYADYVNQK,Specific,
YVSDVPDYAHTEK,Specific,
LVALADQPDYAYK,Specific,
LFDKPDYSELGKK,Specific,
ADVHDYAARDFPK,Specific,
WSHQDVQDYADFK,Specific,
SKPYDYHDYAYVK,Specific,
RWVTDLEDYANEK,Specific,
FPDVPDYADMDSK,Specific,
YPWALDAADYAGK,Specific,
FVLVDLHDYSYTK,Specific,
GNLLMDVEDYAGK,Specific,
FGLDDDMADYANK,Specific,
VSEDRPDYADAYK,Specific,
NTAWWDKQDYSWK,Specific,
FGHWFDKEDYARK,Specific,
MFDMMDYADPESK,Specific,
FVMDWQDYSFKEK,Specific,
KDWRDYSDTYHFK,Specific,
FQQMYDVHDYATK,Specific,
MWQWDDHPDYADK,Specific,
EDLADYAHHHELK,Specific,
WFVDKADYAETVK,Specific,
WRHAQDVQDYSHK,Specific,
SVDVKDYADEWNK,Specific,
VFDLEDYAGRAPK,Specific,
STEDDHWPDYAYK,Unknown,
YPMDQQDYAHVYK,Specific,
TMWLWDQHDYAFK,Specific,
KDKHDYAVFNTPK,Specific,
PLFGMDPRDYASK,Specific,
YWDMQDYSASNFK,Specific,
LKGLESYMPLFDK,Nonspecific,
MSSQTDYADAHTK,Unknown,
LLMLQDMVDYAQK,Specific,
NNMWDVQDYAAMK,Specific,
RKGQLDQGYWGRK,Nonspecific,
STGLSDVRDYADK,Specific,
PWDDGDLHDYAGK,Specific,
GNYYWDGDPYADK,Unknown,
FGFNHDVEDYSHK,Specific,
DSFDDWEDYAAQK,Specific,
RSRTFDQADYAEK,Specific,
FDTDVVDYAAKKK,Specific,
VEDYHDYSYGQWK,Specific,
FLHMMDSPDYAGK,Specific,
EYHMDMPDYASAK,Specific,
TKVMLDPKDYSYK,Specific,
FMPYMLDVEDYSK,Specific,
VGTVADLVDYSDK,Specific,
SSDVDAPDYAELK,Specific,
AEPMMDTQDYADK,Specific,
WDVFFPDYSHRPK,Unknown,
LQFYHTDQEDYAK,Specific,
GGVYDVEDYADQK,Specific,
MPFDVPDYSHHPK,Specific,
MMLPVDMMDYAAK,Specific,
SSNFKDLRDYAQK,Specific,
YLMSTDHVDYADK,Specific,
MYTDTPDYAEFEK,Specific,
YFFFTDVGDYANK,Specific,
WLGKYDFEDYADK,Specific,
QTHDLADYSAWRK,Specific,
HDMHDYAEMWMRK,Specific,
PPAAPLQRLGNHK,Nonspecific,
NDMMDYADKWNSK,Specific,
VFFRDDDVPDYAK,Specific,
KEGYDPPRDYAMK,Unknown,
VQDDDVQDYANGK,Specific,
YGLKFDWQDYAHK,Specific,
VLLADTHDYAVHK,Specific,
MFADLSDYAENTK,Specific,
YNFFDMEDYSANK,Specific,
WMVNYDTEDYSAK,Specific,
RTWRKDLEDYAQK,Specific,
RVYLDVRDYSEQK,Specific,
TKGGLDRHDYAFK,Specific,
SQADLPDYSATVK,Specific,
FEWHNFDPRDSFK,Unknown,
VWNDNDEPDYASK,Specific,
VVDKPDYARFQTK,Specific,
FEQWAMEDYAHMK,Unknown,
SMFFSDMHDYAQK,Specific,
YMVMSDLQDYAWK,Specific,
LEDKPDYAFENFK,Specific,
YSWQWETKDYADK,Unknown,
FDLQDYAEVYQDK,Specific,
SADRPDYSDMMSK,Specific,
WEDLHDYSANTFK,Specific,
NADHAQDVEDYAK,Specific,
VGAPHDLADYSEK,Specific,
MLDLADYALADLK,Specific,
RWMMWDKEDYSSK,Specific,
WEDDLPDYTEFKK,Unknown,
GYPDVEDYSAGTK,Specific,
QPFYGDMMDYASK,Specific,
SHYFATVEEDYAK,Unknown,
KWLLHDVLDYAAK,Specific,
EWLHDMVDYAAHK,Specific,
FAFSDVQDYSDKK,Specific,
RYDLDLVDYADSK,Specific,
WWEDVMDYAGPRK,Specific,
DPMADFPDYAHNK,Specific,
FDDLMDYSAWGNK,Specific,
SGELQKDMEDYAK,Specific,
HLLHNDWADYSDK,Specific,
FMTALAMNDTADK,Unknown,
ELWADMRDYSDRK,Specific,
YLFHDKPDYSFNK,Specific,
YFDYRDYADNMGK,Specific,
DMHDAYEWRWTAK,Unknown,
KDKHDYAYRLFYK,Specific,
RVDKQDYAQKYWK,Specific,
FLKDVWDYAHPSK,Specific,
FYWWKQLEEHQPK,Nonspecific,
YDMHDYAQRYVLK,Specific,
DNGNMDLWDYAEK,Specific,
VWDKHDYSWNGGK,Specific,
GMDVNDLPDYSYK,Specific,
EVPDYAHWGGPRK,Unknown,
NLAVDREDYAVVK,Specific,
LRFFADAHDYAEK,Specific,
DLHDYAYVKLQFK,Specific,
FYWNEMFWDHQPK,Nonspecific,
KKSSFDFHDYGQK,Unknown,
HDLMDYADMRAGK,Specific,
MFYETGDLPDYAK,Specific,
WKLQYDQQDYASK,Specific,
LRDWPDYAGHTTK,Specific,
QFQQDMEDYASWK,Specific,
GVYMDHDYSYVQK,Unknown,
KVPVDDKVDYAQK,Specific,
EQWDQDYHAYDWK,Unknown,
PAYMLDFPDYANK,Specific,
WDWHDYSHKHPKK,Specific,
EFLDVDAPDYADK,Specific,
HTHWDMQDYAAYK,Specific,
MNLPDKMDYATDK,Specific,
DLLFDKRDYAVYK,Specific,
LYFDTEDYAEQNK,Specific,
VQFVGDVYDYADK,Specific,
YDLVDYSARPVNK,Specific,
LNNGDVQDYANVK,Specific,
VYLSDKTDYADWK,Specific,
ALGQQDAKDYAEK,Specific,
LRGYTDTEDYASK,Specific,
NDMMDYADMDRLK,Specific,
MKYMDVTDYADPK,Specific,
YASDQQDYAEQLK,Specific,
GLAKNDVVDYADK,Specific,
NTQHFDKHDYSFK,Specific,
WPEGYDTTDYADK,Specific,
YDMPDSYARVAKK,Unknown,
TGEVEDLPDYAAK,Specific,
FQDDVVDYAALPK,Specific,
QFYSQDMHDYSHK,Specific,
FQHAHDFGDYADK,Specific,
LVDVHDAVDYAEK,Specific,
YMMTMHDWPDYAK,Specific,
WNRPFDWPDYAEK,Specific,
LRHESDFKDYADK,Specific,
SWWVVYDRPDYAK,Specific,
LKPLYDRMDYADK,Specific,
LASPVDFPDYAQK,Specific,
MFASWDEHDYANK,Specific,
MSHMNDLHDYAFK,Specific,
WFMTADKQDYAMK,Specific,
LDMMDYASYYQGK,Specific,
WDFHNDAEDYAYK,Specific,
WWTDFHDYAHNAK,Specific,
LPRADKPDYADVK,Specific,
KYMMDLPDYADFK,Specific,
LWEDDMADYAEGK,Specific,
VGRDFDRYADPGK,Unknown,
LAQHDMADYAEPK,Specific,
YDLMDMRDYAANK,Specific,
DMLDADLADYAHK,Specific,
QGPMFDTPDYSEK,Specific,
NLNTRDPRDYAWK,Specific,
MLAMVDLHDYSDK,Specific,
WFVHDMEDYAMRK,Specific,
PQPDVWDYADDSK,Specific,
FDFVNDVADYSSK,Specific,
ANVSDVPDYAFSK,Specific,
KWDLQWDWHDYAK,Specific,
YLNYFDLKDYSHK,Specific,
YTVVDVSDYAEHK,Specific,
HVLLGDWSDYAAK,Specific,
ENGVWDWADYAHK,Specific,
FSDMHDYSYDTPK,Specific,
MEAQWDLNDYAHK,Specific,
LYAYMQLDFSFEK,Unknown,
FDSVADDVVDYAK,Specific,
PNQPMDFADYAEK,Specific,
FGMRLDQQDYAFK,Specific,
NVFYNDVEDYATK,Specific,
PWTYDTTDYARGK,Specific,
MPDVMDYSDHQRK,Specific,
YPWPWFGWGNPFK,Nonspecific,
EAFKYDVADYANK,Specific,
FNYVRDKHDYLAK,Unknown,
DTDWHDYAFYQFK,Specific,
MNLFFWDKQDSFK,Unknown,
HDWFPDLDDYAAK,Specific,
WRMGFDVHDYSHK,Specific,
PMKDLKDYAAYSK,Specific,
SFYDLEDYANGGK,Specific,
MQNKWDMEDYAEK,Specific,
DDVEDYASRYGDK,Specific,
FLDLDLPDYASNK,Specific,
MVKYTDWRDYSDK,Specific,
PWWDDAFLGHYMK,Nonspecific,
DSTEWWWNHNQPK,Nonspecific,
PMSHTDYPDYADK,Specific,
PPFVDHRDYVDRK,Unknown,
WYDGYDYEDYANK,Specific,
FPQTSWWQMWPWK,Nonspecific,
EQAYWQDMEDYAK,Specific,
YDKMAEEMRYAHK,Nonspecific,
LDKFDYADQNARK,Specific,
FDLHDYAKRDPVK,Specific,
QTYLNDLQDYAGK,Specific,
EDLVSADWAYDPK,Unknown,
FYEDWKDYSDLRK,Specific,
LFHQYDFPDYSYK,Specific,
DDDFGDLKDYADK,Specific,
FSYDLHDYASGMK,Specific,
AQATDLKDYAFYK,Specific,
EGLVDYAAGVWWK,Unknown,
YQFHDDLQDYAGK,Specific,
DWLHDYADLSWPK,Unknown,
NMDAVDYAANKPK,Specific,
MPVDDLHDYSHYK,Specific,
RMALDLFMSARDK,Nonspecific,
VQADLQDYAEHPK,Specific,
NYPHPDQVDYAAK,Specific,
KQLYLQDVPDYAK,Specific,
FYSMQDLHDYALK,Specific,
ANPVMDVGDYAEK,Specific,
ELFHYDPRDYAMK,Specific,
FTFLDKPDYANVK,Specific,
TSAEDMHDYAEFK,Specific,
LNDPMMSFTPNAK,Nonspecific,
VWTDVHDYAYLSK,Specific,
LGDLNDMEDYARK,Specific,
GLLGLDRHDYADK,Specific,
PNPFKVDKEDYAK,Specific,
LDKEDYAHFHHDK,Specific,
MTSEVDFPDYAYK,Specific,
PYTRGFDLEDYAK,Specific,
LSYMMDLEDYAQK,Specific,
RLMHFDWPDYAEK,Specific,
MNFDKHDYAYKDK,Specific,
GNFGGDVEDYAYK,Specific,
GVGTWDLHDYSEK,Specific,
MRVMHDVHDYSFK,Specific,
RVVFQDMADYADK,Specific,
HMTDVPDYAYHVK,Specific,
NLMDMRDYSDTYK,Specific,
EWDLQDYALQAGK,Specific,
GQDDLHDYAEVTK,Specific,
WGSLTDLTDYAAK,Specific,
KAQEFDVHDYSYK,Specific,
PSYLEDYEDYAYK,Specific,
RGLSVDKPDYSDK,Specific,
VVGGLDTQDYAHK,Specific,
WGSMDMHDYANWK,Specific,
YTEHWDYEDYAHK,Specific,
YSFFLDGRDYADK,Specific,
NLLGTDLKDYASK,Specific,
QDEDYAAQTLVLK,Unknown,
VWDLHDYAFYLNK,Specific,
LDKDYADEVMLAK,Unknown,
FYTKEDTHDYANK,Specific,
VFDTVDYADKSYK,Specific,
LTLATDYHDYADK,Specific,
DDWPDYALVADAK,Specific,
HNDLHDYAVTFPK,Specific,
FDLKDYAEQVVKK,Specific,
EMLDTDKHDYAFK,Specific,
VDLKDYSDHTWHK,Specific,
AVDQVDAQDYAAK,Specific,
YVYDMMDYAHNTK,Specific,
KFNKADVVDYAAK,Specific,
LRYFMDKQDYSWK,Specific,
FLFKDVPDYATKK,Specific,
DNVLYDVEDYATK,Specific,
WYTHMMFPWMWFK,Nonspecific,
PDREDYASVGDFK,Specific,
WGVHVDKQDYADK,Specific,
GPFGGDHHDYAFK,Specific,
FPAVDWPDYANVK,Specific,
PNFAHDQHDYSYK,Specific,
PTKMKDFKDYADK,Specific,
FDLEDYAEQVPYK,Specific,
FTTWADKHDYSHK,Specific,
NYNPNDLQDYASK,Specific,
HDMDPYAEVHLNK,Unknown,
RVYFPYDLHDYAK,Specific,
YDYPDYADTSPHK,Specific,
MFWNWDQRDYADK,Specific,
QYVTQDHADYAWK,Specific,
LWMNGDWQDYAYK,Specific,
WDTPDYAGKEVAK,Specific,
TTFDLMDYAAMRK,Specific,
TAFFWDDQPDYAK,Specific,
RDVSADMHDYAAK,Specific,
VDQFDYADVHLHK,Specific,
HVLDLQDYAAKEK,Specific,
ADMEDYAQNYPLK,Specific,
SAWLHDQLDYADK,Specific,
LPHDTEDYVVTNK,Unknown,
LLDVEDYAGRFMK,Specific,
LLHHFDKYDYAAK,Specific,
YSDLVDYASNDTK,Specific,
YADWMDVHDYASK,Specific,
VTGYDLEDYSSHK,Specific,
FTFFQDVTDYAAK,Specific,
MDMEDYATWEDFK,Specific,
PSGNDLYDYGGNK,Unknown,
MWAQDAQDYAYVK,Specific,
LDVHDYAYLRDFK,Specific,
VQVDMQDYASTYK,Specific,
LPDLPMYAYWFGK,Nonspecific,
RLKMWDLPDYAHK,Specific,
VFVDLVMYAAPHK,Nonspecific,
FKMLYALFPWPWK,Nonspecific,
PANVEWDMPDYAK,Specific,
EGYADLYDYAQVK,Specific,
WDMHDYADDMGFK,Specific,
NMYQDQHDYAALK,Specific,
WFGQDYAYWQLRK,Unknown,
DLKDYADNHWEAK,Specific,
GFKTDWHDYSYKK,Specific,
YWFTDPRDYAVAK,Specific,
AYVYLTDQQDYAK,Specific,
QQDLYDMEDYAKK,Specific,
VMWDRHDYAYNPK,Specific,
NVYLVDLQDYAGK,Specific,
YYWDVLDYADTYK,Specific,
LAAYMQHDVMAAK,Nonspecific,
MDTDKRDYADFPK,Specific,
KFYHTDLRDYSEK,Specific,
YVTDVGADYAVGK,Unknown,
DSDLHDYANVEFK,Specific,
NFYLNDWLGLYHK,Nonspecific,
TSFVFDMHDYAHK,Specific,
WALDLDMPDYAAK,Specific,
WFNVFNMFPPFWK,Nonspecific,
ERDLADYADTRFK,Specific,
GELFDQHDYAQRK,Specific,
FVEDTDPYAVDSK,Unknown,
LDAQDYASVQLYK,Specific,
QVEDLDMEDYAWK,Specific,
LFGNDLEDYAVNK,Specific,
DDFKDYADVAGRK,Specific,
FGSDLLDYADPMK,Specific,
EESDVPDYALAVK,Specific,
FQVKDWHDYAYVK,Specific,
KAVMDVPDYAHAK,Specific,
YWEFQDVPDYSYK,Specific,
MHVEDPVEDYTVK,Unknown,
FSTFDRHDYAFFK,Specific,
FVGTFDGPDYADK,Specific,
ASQEDWQDYAEPK,Specific,
FGFDLADYSDKLK,Specific,
FTDLVDYAEWLPK,Specific,
WRHWWWFSGKYNK,Nonspecific,
YFTDDLHDYSSGK,Specific,
NPFWSNDLQDYAK,Specific,
FGLGNWHDYSFFK,Unknown,
MVADFEDYASYPK,Specific,
QSYDGDMHDYAFK,Specific,
QPLSDYQDYAFNK,Specific,
KSYSDDLPMYAWK,Unknown,
DFFTKDVQDYADK,Specific,
TTGFSDLPDYANK,Specific,
LDGDLWDYADTYK,Specific,
SDDFWDLRDYDSK,Unknown,
GESAADVVDYAAK,Specific,
PNVDFDFSDYADK,Specific,
DKEAVYDLEDYAK,Specific,
TYASQDLMDYADK,Specific,
PLNLMDMWDYADK,Specific,
SYLDDMQDYAYKK,Specific,
FHHVWSWWYHQPK,Nonspecific,
VATDLHDYSFYPK,Specific,
FQVDHEDYAAFRK,Specific,
YDLHDYAGFQFPK,Specific,
PAFDDLQDYADQK,Specific,
PFKEWDVQDYASK,Specific,
APFWKESLDYAHK,Unknown,
LMYMDDFGDYAAK,Specific,
VSTADRHDYAYLK,Specific,
TTYSAPDVPDYAK,Specific,
WVNDRRDYSDEVK,Specific,
YFTHDLPDYSYQK,Specific,
VYDLQDYAHKYNK,Specific,
VYYGFDREDYAQK,Specific,
HALDDWGADYADK,Unknown,
KLPLFDVQDYASK,Specific,
LMDLDDYASVEMK,Specific,
VPSMVDYDESFWK,Unknown,
NKASPPEDYAVWK,Unknown,
MGNDTPDYADWYK,Specific,
KWQMYKTTFYFFK,Nonspecific,
LVKRALDLPDYAK,Specific,
RWQYDLEDYAQMK,Specific,
PLNRDKHDYAVFK,Specific,
SLDKDPYADLKTK,Unknown,
KAHDLPDYARPFK,Specific,
SDDDRAYVDPWYK,Unknown,
YVYDVNDYAYRSK,Specific,
EHWNDLEDYARSK,Specific,
RYLHDMLDYADQK,Specific,
ESSNDLFDYADLK,Specific,
MVSPDKNMMSSYK,Nonspecific,
VLVDKHDYAWHFK,Specific,
LEWGLRDPLDYAK,Specific,
YVKHVDVEDYAWK,Specific,
WLPDMEDYALKGK,Specific,
LQDYQDYAAYRLK,Specific,
TAFLDDGQDYADK,Specific,
DMFDHPDYASMDK,Specific,
LVYNWDKADYANK,Specific,
LRLVVDDHDYAEK,Specific,
WFPFMYDLVTMDK,Nonspecific,
VGDLEDYASNVYK,Specific,
GTQKLVDLEDYAK,Specific,
WDMADYAEADHLK,Specific,
NMQDLDMQDYAGK,Specific,
PNDMADYASVASK,Specific,
FSSFSDWLDYADK,Specific,
LDKQDYAAWAVYK,Specific,
DVRDKVDYAEPVK,Specific,
YAGDQLWHDYAFK,Unknown,
LNTFNDVPDYADK,Specific,
LEDVEDYASSWLK,Specific,
PYFKMDKHDYAVK,Specific,
LGEPDLEDYAWDK,Specific,
YQDHKYDAEVKFK,Unknown,
LGKDLEDYSSANK,Specific,
DVRDYAENDFLVK,Specific,
YFWWTDKHDYADK,Specific,
HAFVVDYHDYAWK,Specific,
YASDVQDYAYPEK,Specific,
LDKPDYAGFTKAK,Specific,
SSWSTDYEDYAAK,Specific,
DGVPDYAADLYMK,Unknown,
MTKRDKADYAAFK,Specific,
VNWPDKEDYSRVK,Specific,
KDLFDYSDPASKK,Specific,
FFGQHDWQDYANK,Specific,
ELLTLDKLDYADK,Specific,
NLDMQDYAFHMPK,Specific,
VKNKFDVDDYAAK,Specific,
PFTDFPDYSDMHK,Specific,
LVYNWFLDAMANK,Nonspecific,
KNHLAVPDYSSFK,Unknown,
DAPDYSDLTYRPK,Specific,
PMEDLMDYTDSRK,Unknown,
AVKMTSAFDYADK,Unknown,
YFDNDVQDYAFAK,Specific,
MWEDEPDYADFSK,Specific,
YFDFPDYSSTSPK,Specific,
YKRWFDFRDYADK,Specific,
PDWAEWLGVFHGK,Nonspecific,
RRSDFRDYADLYK,Specific,
WMWKNFDKPDYAK,Specific,
LTMTYHKFHAFDK,Nonspecific,
FSLLMDEPDYAAK,Specific,
KEASGLAYKGSHK,Nonspecific,
KMHVDFKDYADAK,Specific,
VVLQDEPDYASRK,Specific,
YFDDLWDYAEHNK,Specific,
MRNPPDWPDYSDK,Specific,
NDLQDYAHYKFFK,Specific,
FQWTPDKMDYASK,Specific,
MDQQDYADVWLHK,Specific,
ADTPDYASAGEFK,Specific,
DPEFDAPDYASHK,Specific,
DLEDYSATPSVFK,Specific,
PMKNDVSDYASSK,Specific,
YYFPDQSDYADRK,Specific,
MRFTFDQADYADK,Specific,
KDDMHDYAFSEYK,Specific,
QMHFEDVEDYAGK,Specific,
AQLKQDVRDYAAK,Specific,
WDMPDYAASRTFK,Specific,
HTDLHDYAAQMHK,Specific,
YDLQDYAARPYPK,Specific,
YMHDHLDYATSLK,Specific,
LNDLVDYADVQSK,Specific,
YAMATDVEDYAMK,Specific,
FDYQVDAPDYSEK,Specific,
YQMPTDLDDYAHK,Specific,
PFWDVKDYALVPK,Specific,
VTNDVHDYSWLGK,Specific,
TTKDLKDYAYWPK,Specific,
GWLKWDLRDYAAK,Specific,
WSDGLSDYAAQFK,Unknown,
RVVMHDLADYANK,Specific,
EQTLLWDLHDYAK,Specific,
HFQGKDLQDYAYK,Specific,
YDFDEDEHDYAVK,Specific,
LYTLYDYEDYAEK,Specific,
FYKDLRDYSDHPK,Specific,
QFLHDVEDYSSFK,Specific,
RLRFFDPTDYAQK,Specific,
LAHVYWEDYAERK,Unknown,
AFFHPDLQDYANK,Specific,
RLFLFDNRDYADK,Specific,
LYMGYDMTDYAEK,Specific,
LLKWVDKHDYAYK,Specific,
NADWEDYAHVHRK,Specific,
HFDMMDYADPKQK,Specific,
NDDLRDYAEMAHK,Specific,
GKYMPLDLHDFSK,Unknown,
NYFEDRVDYAHHK,Specific,
DQKDYADWKLLAK,Specific,
KYEDDDMMDYAYK,Specific,
QGEAFDVSDYAEK,Specific,
PYLDMEDYAQLFK,Specific,
VRLLDQRDYAVPK,Specific,
YMTYDLVDYAKMK,Specific,
TAGEVDWEDYAEK,Specific,
FFWEDDAVDYASK,Specific,
TMMGVDQQDYAAK,Specific,
FRATYDVEDYAGK,Specific,
LEADMQDYAEHNK,Specific,
SWPDVQDYAYWTK,Specific,
SFANDTPDYADFK,Specific,
MYYREDQQDYAYK,Specific,
PSEFDADMEDYAK,Specific,
LKYMYDLRDYTDK,Unknown,
FMDMQDYAWTFEK,Specific,
WMTDLTDYADRQK,Specific,
EFVHDLKDYAAPK,Specific,
LDLHDYSHKFGEK,Specific,
TFFMDREDYASHK,Specific,
KYVFSDRQDYAFK,Specific,
MYGFSSDLEDYAK,Specific,
WSRDLDDYAALRK,Specific,
ADYNEDLADYASK,Specific,
SVNTKDFHDYAFK,Specific,
MDMKDYAEKVPTK,Specific,
PPGLVDWRDYAAK,Specific,
WNHGLYDMEDYAK,Specific,
VMADMHDYSQKLK,Specific,
AFAYDLPDYAEDK,Specific,
LSEYLDPMMYAGK,Nonspecific,
QHSTWDWVDYASK,Specific,
WQLDNDLPDYAQK,Specific,
WLGLDDTSDYAAK,Specific,
PGLQDAPDYAHTK,Specific,
FFLSNFAFTFSDK,Unknown,
MTPYWDGDPYADK,Unknown,
VYQDDLMDYAEYK,Specific,
FTDFDDEDYAALK,Specific,
AVWDFTDWPDYAK,Specific,
QAWMPDQADYADK,Specific,
AENEDWEDYASTK,Specific,
PAFFWDLNDYAFK,Specific,
PHAMTDVPDYAEK,Specific,
PMLWDTPDYAWHK,Specific,
TNFDQWDYADRQK,Specific,
RNMMWDYQDYAYK,Specific,
KFMKFDVHDYSYK,Specific,
LDVQDYANVSESK,Specific,
FRGFDLPDYAVMK,Specific,
QAHMADWHDYAFK,Specific,
QFDGYEDYAALSK,Unknown,
MDFDYPDYADKDK,Specific,
LWVDKHDYAASMK,Specific,
YLDMHDYSFHRLK,Specific,
YKFDVHDYAFHHK,Specific,
LDLHDYAFSDHLK,Specific,
ESYLFDMTDYAAK,Specific,
QVAFDWPDYAEKK,Specific,
MPQAADYPDYADK,Specific,
WFMGHWDPRDYAK,Specific,
ALRKRDWKDYSDK,Specific,
VTEFDFPDYASYK,Specific,
FPLDRADYAAYEK,Specific,
FSDEPDYSDVDRK,Specific,
NMVFEDGPDYADK,Specific,
LQFDMPDYAYGPK,Specific,
KDHDYSFYFWAHK,Unknown,
SKGFMDPRDYAAK,Specific,
PAALMEDYDEYAK,Unknown,
PNFDVPDYADLFK,Specific,
LYWAYMARDFFYK,Nonspecific,
YGPGLPDAEDYAK,Specific,
VMQFTDQQDYAWK,Specific,
ESDWQDYADWSWK,Specific,
LTNSGLAYKGSHK,Nonspecific,
YGGYDLPDYSAPK,Specific,
NGNDDLEDYAFEK,Specific,
LYQADMMDYAAVK,Specific,
LMVHMYHPQTMYK,Nonspecific,
WQANDVPDYAYGK,Specific,
LEHFTPDVPDYAK,Specific,
VGVVWDTQDYAVK,Specific,
DYKRMVEEDYATK,Unknown,
PRRDWRDYADNVK,Specific,
FDRDMQDYASMLK,Specific,
EWHWEDAPDYAWK,Specific,
MMDLEDYSTYDRK,Specific,
NLKDVKDYAAQTK,Specific,
MAVEDVHDYAEEK,Specific,
PAWLFDMPDYSGK,Specific,
LDLQDYAESNDNK,Specific,
VDVADYADFKHHK,Specific,
MVMNFDQQDYSDK,Specific,
LQDLVDWPDYSSK,Specific,
HMTDFPDYAEHQK,Specific,
KVGMVDKDPYSWK,Unknown,
WVTDDTQDYAAWK,Specific,
WEGGDFEDYASHK,Specific,
MVALRDFHDYANK,Specific,
VDDDFYDMDPYAK,Unknown,
FMYVDQHDYAYEK,Specific,
AKFDLHDYALNEK,Specific,
HGHTFDLSDYAHK,Specific,
HWDKHFSDHLFAK,Unknown,
MNALDKQDYAAVK,Specific,
TVTDLPDYAHSPK,Specific,
AAEQDVFDYADDK,Specific,
FAFWSDVHDYSNK,Specific,
NMPMHDYSHVMKK,Unknown,
FLTGSDWQDYAFK,Specific,
EDMEDYAHVTDMK,Specific,
AFAQDVEDYALTK,Specific,
YLLMSDVHDYAYK,Specific,
TLYQADLKDYAHK,Specific,
AKVMDVHDYAESK,Specific,
HAGFNDAVDYADK,Specific,
WDVKDYASKGGTK,Specific,
EWVPNDLYDYAHK,Specific,
VWTDEDRQDYAWK,Specific,
LDYHDYAFTVGPK,Specific,
ETVYMSDLQDYAK,Specific,
QSPVDLADYSAQK,Specific,
KWAWWLAPYHGRK,Nonspecific,
WMMPMDAKDYAEK,Specific,
QAWYEDAEDYAHK,Specific,
LPQSDVQDYAMQK,Specific,
VQVMWDVHDYSHK,Specific,
EWDMTDWQDYANK,Specific,
LQDLADYSDYPAK,Specific,
PDMKDYADWGDWK,Specific,
LVDEQDYAAKEDK,Specific,
TQDQHDYAFLDSK,Specific,
QYAYDLKDYAAYK,Specific,
EWSPDLGADYASK,Unknown,
FEDDVPDVQDYAK,Specific,
FQVVDDKEDYAWK,Specific,
VPQLTDVQDYSVK,Specific,
VVDQVDQHDYANK,Specific,
MLGDVRDYSDYNK,Specific,
MVYAHDFHDYAQK,Specific,
YDTMDMQDYAAVK,Specific,
KHFMVDVEDYSAK,Specific,
MWYYKDQADYAEK,Specific,
RTSVNDWQDYAAK,Specific,
LTVETDVSDYAHK,Specific,
VVDGDTHDYAFFK,Specific,
AFGGEDVEDYAWK,Specific,
WWQKDQLDYADRK,Specific,
PGDLQDYAFYNAK,Specific,
MLYTFDVPDYSSK,Specific,
FMFFNDDDMYANK,Unknown,
MSGNDVMDYAHKK,Specific,
VTMDDMMDYAQMK,Specific,
VATTDLVDYAGRK,Specific,
VFMDLHDYSAAKK,Specific,
MFFQQWDKEDYAK,Specific,
PYEPGDLHDYANK,Specific,
EVLPEGFFDYYAK,Unknown,
RGVYHDWHDYAEK,Specific,
SDMRDYAEHHTFK,Specific,
WVSRLWDMPDFSK,Unknown,
EVHVWDAHDYAWK,Specific,
GLLYDDMQDYSYK,Specific,
HWDFALDQEDYAK,Specific,
KAFKSDKQDYSFK,Specific,
MFQYDDDKPYAHK,Unknown,
WLQKFDLVDYSSK,Specific,
ATYYLDTEDYAEK,Specific,
GDVPDYAETPPVK,Specific,
HLYEQDVTDYAQK,Specific,
MTVHDMPDYAANK,Specific,
VTWVQDKHDYFSK,Unknown,
PWLVDHQDYADSK,Specific,
VADKEDYAQLLDK,Specific,
VFWYQELEDYAAK,Unknown,
TMKDLPDYSAVYK,Specific,
YVDVQDYAHKWEK,Specific,
YSVDMEDYAVWKK,Specific,
WRWVDRVDYAQPK,Specific,
LMDLQDYSATNLK,Specific,
LYVDVVDYAEYDK,Specific,
LKPDFYDYADYRK,Specific,
FYWWDYPDYAAMK,Specific,
WRYVNDMEDYAGK,Specific,
NPQDLPDAYYQWK,Unknown,
HQAYMDMKDYSAK,Specific,
VWAGDQPDYAFRK,Specific,
LHEEDLQDYASQK,Specific,
PYFQADLADYSEK,Specific,
MMLDTPDYAEYPK,Specific,
LVLEFDKFDYAEK,Specific,
FSSYPDLPDYAFK,Specific,
DKLSWDWTDYADK,Specific,
QMVVMDLGDYAAK,Specific,
LVDRPDYAGFFRK,Specific,
WTAPVDQQDYAHK,Specific,
LFDVEDYASVLFK,Specific,
TFMDDFHDYSHKK,Specific,
VESLADYPDYADK,Specific,
FAEDVPDYAWQQK,Specific,
NHLLENDMDPYAK,Unknown,
RVFDQHDYAEQFK,Specific,
WVDMHDYSFHQRK,Specific,
HWDKPDYAEWQYK,Specific,
QAVSDLRDYAETK,Specific,
LRNDLKDYAGTPK,Specific,
TYYWKDTRDYAAK,Specific,
GSELQSLFKGSHK,Nonspecific,
YSNVDLMDYAEPK,Specific,
LEADTADYAAMFK,Specific,
PLMVADYADYADK,Specific,
ATNMNDLMDYAGK,Specific,
LLDAHDYAYLPGK,Specific,
QMWANDLPDYAVK,Specific,
RTVDLRDFSREVK,Unknown,
VWRWDLTDYAANK,Specific,
YVMEDKPDYAYAK,Specific,
EFQWDAQDYADSK,Specific,
TDDVHDYAHFDHK,Specific,
YWGMPPWFGYFHK,Nonspecific,
FTSFYEDYEDYAK,Specific,
AAWVGWDTEDYAK,Specific,
TDVPDYRDYADYK,Specific,
ELAYYDTYDYADK,Specific,
WAMPNDLEDYAWK,Specific,
LYLMDPRDYADPK,Specific,
MMRDVPDYAMEVK,Specific,
FDGAGDLQDYAWK,Specific,
FLTFNYFMLPFWK,Nonspecific,
NWLPDTHDYAQPK,Specific,
VMANDLPDYSWRK,Specific,
MTMFLDQMDYAAK,Specific,
WFFRVDHSDYADK,Specific,
MYWHDRHDYARAK,Specific,
FFTHVDKRDYAEK,Specific,
WLSADHRDYAELK,Specific,
RFWSMDHPDYAAK,Specific,
YMADVEDYAAWFK,Specific,
YTYWDLPDYAVAK,Specific,
TGLDVPDYASMMK,Specific,
LGWTDLPMYAWDK,Nonspecific,
KDLPDYATTFAFK,Specific,
RAFVMDRLDYADK,Specific,
MDSYNDFPDYAQK,Specific,
FTGVPDLRDYAEK,Specific,
DYVVPDYAMWHRK,Unknown,
WFDLEDYAYHWNK,Specific,
PQDKEDYAYWNPK,Specific,
KMASADMVDYAFK,Specific,
TRYVFYTTTYDFK,Nonspecific,
LFFVHDRMDYAHK,Specific,
VFNGQLDLEDYAK,Specific,
EDVLDPRDYSAWK,Specific,
WDPDYAADWHHKK,Unknown,
LYDSYDYADAEYK,Specific,
DEWDLPDYAARGK,Specific,
DLHDYADATSHVK,Specific,
PPFDQRDYVDRVK,Unknown,
FLFKDYPDYAGYK,Specific,
WEDQHDYAYKAMK,Specific,
YSLLENDMPDYAK,Specific,
LYQRLKPDDYSSK,Unknown,
FNVDDLQDYSESK,Specific,
EFTDMQDYAERAK,Specific,
PYHRDEKHDYAVK,Unknown,
LQGMLQDLPDYAK,Specific,
FTYDVMDYAELPK,Specific,
VVMDFDEPDYADK,Specific,
RYYRYDMRDYSSK,Specific,
YNRWDMPDYAFFK,Specific,
GDMADYAAVTMEK,Specific,
DELMDYSDVRLRK,Unknown,
YDMPDYADFGGSK,Specific,
PVDVTDYAAVTSK,Specific,
WGGNVDMYDYADK,Specific,
FWKDSKHDYAWRK,Unknown,
WFFTDMPDYANLK,Specific,
GDVADYADTYELK,Specific,
TVGGYDQMMEHDK,Nonspecific,
YGAMTDMRDYADK,Specific,
LFMHNDKMDYADK,Specific,
YPMFDVQDYADYK,Specific,
VDWPDYATFEQPK,Specific,
QSLTDWADYAASK,Specific,
YDWGWDATDYAAK,Specific,
AVNDMMDYADQGK,Specific,
LYLGDVPDYALNK,Specific,
QMFVDGAHDYADK,Unknown,
EYYDLQDYAEWLK,Specific,
TWYHHDKVDYAFK,Specific,
HQWVDRGADYAWK,Unknown,
DHRMDYASHLFKK,Unknown,
LDFYKDVRDYADK,Specific,
PYYEKDVYDYDSK,Unknown,
YDYFVDREDYAMK,Specific,
PDKADYADVSWNK,Specific,
QGSADLPDYAANK,Specific,
FDRLDYSDQFFKK,Specific,
MYDGMDYSDPLYK,Specific,
YWDVHDYASLLHK,Specific,
SMGDLHDYAQPMK,Specific,
ETDLQDYSWVRPK,Specific,
LPFTFDKPDYTPK,Unknown,
WNLLDLMDYAHFK,Specific,
LNYEVRDMEDYAK,Specific,
VPKVGDWVDYAEK,Specific,
YVQNDLYDYSDTK,Specific,
YNYYADQPDYAQK,Specific,
APDLRDYAAWELK,Specific,
PQYVYDEDPYAGK,Unknown,
HSVVDVPDYADHK,Specific,
TSDDLEDYAEWNK,Specific,
YEDVPDYAHDAVK,Specific,
SVFMLDKPDYSYK,Specific,
EGDMPDYAWSFMK,Specific,
VVAELHDYAHDAK,Unknown,
DLKDYAAWDKPLK,Specific,
WHLWAVDKHDSFK,Unknown,
GQWHADFPDYAAK,Specific,
TGNHPDLVDYAAK,Specific,
TQYHWDFEDYASK,Specific,
YSDVEDYANQFAK,Specific,
GGTYFDVHDYSFK,Specific,
FDLPDYASKNYTK,Specific,
FNAGRDYHDYAEK,Specific,
FVADYKDYADSTK,Specific,
VYDWHDYAEKESK,Specific,
WGGDDPYADWKTK,Unknown,
FKRWDKPDYAADK,Specific,
YSDVNDLPDYAQK,Specific,
WRGSLDKKDYAHK,Specific,
VGFSDVSNSSAWK,Unknown,
VTDLPDYAQLRPK,Specific,
RGFRFDTHDYAFK,Specific,
PDMEDFHDYAYGK,Specific,
TLEMDTVDYEAKK,Unknown,
LLLSWDTLDYADK,Specific,
WNSDWHDYSWKPK,Specific,
KDMHDYASMHMWK,Specific,
NDWMHDAPDYAHK,Specific,
NHLLDMEDYAQPK,Specific,
FDWPDYADLPNEK,Specific,
LAEKDVHDYAVDK,Specific,
VGGWYDLADYAGK,Specific,
WTEGMDVPDYSDK,Specific,
VSDGDLHDYAFRK,Specific,
KDVHDYAYQTYYK,Specific,
KQQPDYAALPTKK,Unknown,
SRYTLDVPDYSGK,Specific,
YTWMDSDVPDYAK,Specific,
EVQMDMEDYASHK,Specific,
SDLQDYAFHPVDK,Specific,
NFVDTPDYAADMK,Specific,
MPDVHDYAYKWEK,Specific,
TEMMMDVQDYAQK,Specific,
KDHDYAYFMETRK,Unknown,
PLFTFDKPDYAQK,Specific,
LVETGDLDDYAFK,Specific,
LKDLEDYAAVEYK,Specific,
LGSYDMHDYAFNK,Specific,
PNKSYDLADYSAK,Specific,
LFNDMYDYADREK,Specific,
DSYGADVPDYANK,Specific,
DDFYDVTDYADPK,Specific,
FALFNDMEDYAVK,Specific,
KRTVFDVQDYAYK,Specific,
MDKHDYADGFWDK,Specific,
TVSSSDWTDYADK,Specific,
ESYDMMDYASSGK,Specific,
WAADVEDYAKLSK,Specific,
YADVADYASWTAK,Specific,
MDMEDYSAVQAPK,Specific,
RGFTDVADYAAYK,Specific,
GVLDKHDYASLFK,Specific,
SYYPDHWDYAHFK,Specific,
FSYGSDLLDYADK,Specific,
LADMPDYSQHWPK,Specific,
LDLRDYASKRFKK,Specific,
ALKDLHDYSFDFK,Specific,
YYFDQPDYAAEFK,Specific,
WSVHWPDYSHRPK,Unknown,
GLEETDLKDYSDK,Specific,
VGGHLVDLRDYQK,Unknown,
QKDHDVEDYSSFK,Specific,
YFAENYAEVMAFK,Nonspecific,
DYQDLHDYSFWQK,Specific,
GYKLDVRDYAEDK,Specific,
QGLLLDMQDYSWK,Specific,
PTDFADYAAKTPK,Specific,
FFRDWGKYAAMKK,Nonspecific,
HADVQDYAFHYTK,Specific,
FGMYEDTHDYADK,Specific,
GMNDPMDYSAHVK,Specific,
WWWADTYDDHQPK,Unknown,
LTQMNDQMDYAEK,Specific,
YDLHDYVMPEYGK,Unknown,
QNLFDVQDYAHNK,Specific,
PDLYDYAATHYNK,Specific,
WDVEDYAGRTAPK,Specific,
HADLTDYAAWQLK,Specific,
LSERDVEDYSATK,Specific,
WFRPPDLSDYADK,Specific,
TVLPDLHDYAWDK,Specific,
LDLKDYADQRKAK,Specific,
RSKADKHDYSFFK,Specific,
KASDLDRMDYAAK,Specific,
LMDLPDYAHVQVK,Specific,
YDHDRKDYAERFK,Specific,
NVVYDVEDYADQK,Specific,
NGDASDMVDYAHK,Specific,
KFEEGKDYAEWVK,Unknown,
ANDTPDYADKFVK,Specific,
EFLAWDAPDYSHK,Specific,
FGPVDLPDYSQGK,Specific,
PLDHHDYAYWRYK,Specific,
SKDRHDYASRFMK,Specific,
ESVQDYAYAPMFK,Unknown,
LNYHTDYAEHVVK,Unknown,
MYKDLYDYADYKK,Specific,
AFEDWDLRDYSEK,Specific,
MYQQDDVDPYSDK,Unknown,
EVFKEDGHDYAYK,Specific,
HYDNDWQDYAYKK,Specific,
ETGDLADYASSEK,Specific,
QSFDQPDYADANK,Specific,
PDWPDYAEMEQMK,Specific,
LYRWNDAQDYAAK,Specific,
HDQFDVQDYAEDK,Specific,
WGGGYDFQDYMPK,Unknown,
EGWDDDLPDYSTK,Specific,
LAAWFDKTDYASK,Specific,
QLKSLDLQDYAQK,Specific,
FWDMHDYSHKDWK,Specific,
LFNVDEHDYAHFK,Specific,
DYHDYSHMALVMK,Specific,
LNMDLQDYAGPSK,Specific,
DSDLADYAATGTK,Specific,
SDMDVMDYAAFEK,Specific,
LNRDLPDMEDYAK,Specific,
QGMSPDLQDYASK,Specific,
WYEVDREDYAMFK,Specific,
WYQMNDSPDYAAK,Specific,
WTVDQPDYADPYK,Specific,
VGDYWDDKPDYAK,Specific,
FLMDKHDYSHQDK,Specific,
DYHDYSFGKNSFK,Specific,
FNLFGDQEDYESK,Unknown,
TVAQNDVGDYAEK,Specific,
LVVHDVPDYSSFK,Specific,
VTVDLADYASTSK,Specific,
PDHQDDLLDYADK,Specific,
FDVHDYAARSTSK,Specific,
LNASKFLPDYSWK,Unknown,
GSHDLADYAHNWK,Specific,
LWAYDHRMTYLLK,Unknown,
SLPFTDLRDYSDK,Specific,
LDMEDYAERVDKK,Specific,
YDDNADWQDYADK,Specific,
PEEDDDWHDYAFK,Specific,
DSVMMYDVEDYAK,Specific,
WMTPDWKDYAEWK,Specific,
PNLHTDFHDYAHK,Specific,
PVADVEDYSDHPK,Specific,
PVHWVDLADYSSK,Specific,
PDWFADFPDYSHK,Specific,
NDTRDYADKVLYK,Specific,
AYGYDLPDYADAK,Specific,
WNDMHDYSHMLRK,Specific,
YGQFSDVADYADK,Specific,
LTVHDLKDYAAEK,Specific,
RAMLHDTDPYAYK,Unknown,
NAMMDLMDYADLK,Specific,
YGNDFRDYADVDK,Specific,
KAYGDVHDYASGK,Specific,
GRNMTDRQDYAEK,Specific,
MTTDLHDYSYETK,Specific,
GSLGEDMQDYAFK,Specific,
PPAPFDVNDYAYK,Specific,
HVDQHDYAYFNLK,Specific,
MVYTDRQDYAERK,Specific,
KQFEDMQDYSAVK,Specific,
WMYPDWEDYSQKK,Specific,
MAHQTDLQDYAFK,Specific,
YVVALDKQDYSSK,Specific,
VDVPDYASLNDPK,Specific,
WWDNPDPMDPSFK,Unknown,
FNPDMHDYAFFNK,Specific,
KDMMSLWDYADKK,Unknown,
VTEADVEDYAMQK,Specific,
NGFDLQDYASHWK,Specific,
LYPATDMPDYSQK,Specific,
PRDMHDYAFTLDK,Specific,
NNEMLQDVPDYAK,Specific,
WDDKVDSFDWNLK,Unknown,
FVLRDRPDYAHKK,Specific,
FVDVKDYAEAPLK,Specific,
DYHWWGDVPDYAK,Specific,
WQFYTDETDYAAK,Specific,
KYGDDSWPDYAYK,Unknown,
LPNFDVEDYADQK,Specific,
LAYESDVEDYAHK,Specific,
HDMDPYASTQARK,Unknown,
LGFKDLHDYAWDK,Specific,
HYFWLDGKDYASK,Specific,
VYDLFDYADTAGK,Specific,
MDVHDYSSGWAHK,Specific,
TMEKDLEDYAGGK,Specific,
LLGVGDTPDYAEK,Specific,
YEHDWEDYASYEK,Specific,
RVQLKDKPDYSFK,Specific,
AFNLDLQDYAWVK,Specific,
QWAYGPDVDPYAK,Unknown,
FNHTDTDVEDYAK,Specific,
WYLEGDKMDYASK,Specific,
AFSAVDRMDYADK,Specific,
LMMLDAGEDYASK,Unknown,
MYRFDRRDYSDQK,Specific,
NGGDLHDYAFKVK,Specific,
VLFDVEDYAESQK,Specific,
KDLHDYANVVRTK,Specific,
DHMTMPDLEDAYK,Unknown,
FAFSNDKQDYAAK,Specific,
YWHNHDVKDYAFK,Specific,
VDLQDYAFRVQPK,Specific,
FTQDWKDYADYSK,Specific,
VDPMLKDYATSYK,Unknown,
YVEFDHADYAARK,Specific,
QFLDMHDYSAVNK,Specific,
SVPDLQDYAESRK,Specific,
FSEDQHDYSEFYK,Specific,
RLWFMDWHDYSHK,Specific,
QENEFDMQDYSYK,Specific,
HHWGNDYLDVYHK,Unknown,
VWYNDLEDYSSMK,Specific,
PDLQDYAGGWQSK,Specific,
GLMVDFFAYQAGK,Unknown,
KKMLADMSDKFPK,Unknown,
WWHHFDKQDYSMK,Specific,
NYMNDGFPDYAYK,Unknown,
VPAEMPDVQDYAK,Specific,
MFYGGDFPDYAHK,Specific,
VGTNTDLEDYAQK,Specific,
VDKVDYAEQVFPK,Specific,
EDVEDYSAFGYPK,Specific,
FQFVDLDDYAAPK,Specific,
PYDMFDYADRVKK,Specific,
SASNDVEDYAHYK,Specific,
LAWKGDVADYSAK,Specific,
LKQDVFDYADYLK,Specific,
PYYEWDEEDYAQK,Specific,
MDVRDYADMMRPK,Specific,
FAYFHDYPDYAEK,Specific,
EGDAEDYAAFRGK,Specific,
LLNDKYDYADYKK,Specific,
TNLDKHDYAFTMK,Specific,
LFGSPDWKDYADK,Specific,
RFLLVDHWDYAEK,Specific,
KNDEMHDYSAVNK,Unknown,
ENHLWDHVDYADK,Specific,
EDLQDYAWKAVDK,Specific,
LMHYSDRHDYAEK,Specific,
FNLDEQDYADTPK,Specific,
MQLDLPDYSAPDK,Specific,
FSYWVDLADYSHK,Specific,
WVLPWDRHDYSWK,Specific,
FSSDVEDYAKQMK,Specific,
QMLSDDVQDYSYK,Specific,
VADVPDYAHVPKK,Specific,
MLDAPDYANTDAK,Specific,
QMDNSDWQDYAFK,Specific,
FRNQVDYKDYAEK,Specific,
EKMADLEDYASSK,Specific,
SDMTMDLHDYAVK,Specific,
WDWTHDMPDYASK,Specific,
RVDLADYSDKPFK,Specific,
QPLPNDLEDYSAK,Specific,
FDVSDWPDYADLK,Specific,
RAVFMDRLDYGEK,Unknown,
WEGPDQEDYAEMK,Specific,
NVWDPDQEDYSHK,Specific,
WVRTDRHDYAAWK,Specific,
DYNRDDLKDYSWK,Specific,
DLRDYADVTPLRK,Specific,
FQDYPDYAESHFK,Specific,
WWLKDKPDYAGEK,Specific,
YFDDVHDYAGNHK,Specific,
QQLQDVVDYAENK,Specific,
GLVNSDKEDYAFK,Specific,
TDLRDYAATRRVK,Specific,
RDWHDYAWSRWPK,Specific,
MFALDLQDYANTK,Specific,
LEDLQDYAWVLHK,Specific,
WLLWDVEDYADSK,Specific,
DLHDYAFHTVRLK,Specific,
MTPYWDTANMADK,Nonspecific,
LVNGQMDLQDYAK,Specific,
QFYVSDSHDYAFK,Specific,
LSAYDLEDYALFK,Specific,
TDLHDYAYEALRK,Specific,
ADLRDYAARTDFK,Specific,
NVMDMQDYAAHRK,Specific,
DFQAYDLQDYAVK,Specific,
MPDHVDYASRSPK,Specific,
MLDVVDYAALYKK,Specific,
YVTQDVADYSDMK,Specific,
PEDWKDYSDNTPK,Specific,
DQPGMDLDEYANK,Unknown,
WSPDVQDYAYWTK,Specific,
LDPFFDSEDYAAK,Specific,
RWEWDWMDYSARK,Specific,
NYPGVDLQDYSDK,Specific,
QWADFDLKDYAEK,Specific,
MNFLDMPDYATDK,Specific,
PLRDVPDYAHPFK,Specific,
TQFDRDLKDYADK,Specific,
QNLHDTVDEVFWK,Unknown,
DLDDVQDYAHMSK,Specific,
WWDFPDYANGRWK,Specific,
PDFDYPDYAEHYK,Specific,
VYTFYDREDYSSK,Specific,
MMGDVHDYAMNWK,Specific,
VWLLDVHDYAFNK,Specific,
DTVYDDPRDYAAK,Specific,
WTVDKVDYSDRWK,Specific,
YWHHKDAPDYSDK,Specific,
LDDVEDYAEAWKK,Specific,
VQNDEDWQDYAVK,Specific,
WYNDYHDLPDYSK,Specific,
GDLHDYAFSGNMK,Specific,
TPDWPDYAVDNFK,Specific,
AQYGDLEDYSATK,Specific,
QTYDRHFDSFDAK,Unknown,
HRFDREDYASRLK,Specific,
FPDVEDYAADKGK,Specific,
MEDVPDYSSMDGK,Specific,
MDDMQDYSWTNGK,Specific,
SFDGMDMADYASK,Specific,
KDVPDYAHWMDQK,Specific,
TQHLDKHDYAVYK,Specific,
VTYMADYVDYADK,Specific,
AVGHDDVHDYAYK,Specific,
LLYGGDYQDYAYK,Specific,
DNDVPDYADLGLK,Specific,
EKDVHDYSEQWFK,Specific,
LPEEDLDDYSAGK,Specific,
NAEHDLVDYAELK,Specific,
LYWVKDAPDYAAK,Specific,
HFNWYDWHDYSFK,Specific,
HDQDLHDYATYTK,Specific,
FLNDKEDYSSAQK,Specific,
FYLQADDEEDYAK,Specific,
GWTMPDPHDYAEK,Specific,
GPMAGDRDPYAFK,Unknown,
FDYQVDAHGSYMK,Unknown,
MWNSDDVEDYAFK,Specific,
LYVPHDTPDYAYK,Specific,
MYSQWDVPDYAGK,Specific,
NTWMTDMPDYATK,Specific,
MYNDFDDLPDFSK,Unknown,
DGVDVHDYAFKTK,Specific,
KMESLVDYAWHDK,Unknown,
FGDKMDYADEVNK,Specific,
WKNMQDLPDYANK,Specific,
VGNWMVDLHDYAK,Specific,
GSNSDLQDYAEPK,Specific,
PAVWLDPRDYSVK,Specific,
MWYVSDQHDYARK,Specific,
VLDTHDYAAFQVK,Specific,
QGDDTPDYAEWVK,Specific,
FGFMYDVVDYSVK,Specific,
VWLDDTRDYSEDK,Specific,
WKDFRDVHDYSYK,Specific,
HWADMQDYASGSK,Specific,
FKWLWSWPETNFK,Nonspecific,
WTQGDMPDYAQPK,Specific,
WVPADADPYAVPK,Unknown,
VSWDLVDYAWKFK,Specific,
LNNFLDKLDYADK,Specific,
DMDYPDYASWTNK,Specific,
PYDSNDLVDYAGK,Specific,
LMPDQMDYASLAK,Specific,
VFFDFPDYAATWK,Specific,
NRNNAMVEDYSAK,Unknown,
PVQDQEDYTGYFK,Unknown,
NYSLQFDEMDYAK,Specific,
PDLPDYSSTYDPK,Specific,
KEAMFMLEDYAEK,Unknown,
DLSAQVDLPYDAK,Unknown,
EPAAMLPDYSASK,Unknown,
YMVDLYDYAADQK,Specific,
YDVHDSYHWYSMK,Unknown,
QDLEDYARTSAAK,Specific,
LAADMVDYADRAK,Specific,
GHRYDLHDYAFTK,Specific,
KYVFYTVAYDFDK,Unknown,
HLQDLADYASRNK,Specific,
LLKHFLDKHDAYK,Unknown,
MVDRDPYAGAETK,Unknown,
NKYRLDFHDYAHK,Specific,
KDDVQDYAHSYAK,Specific,
LQEWDTPDYSAAK,Specific,
TDLPDYAADNWKK,Specific,
EAVDVQDYAYVWK,Specific,
QEHPVDMEDYAVK,Specific,
HDYYFDHPDYSDK,Specific,
MTKDLVDYASLDK,Specific,
QPTDPRDYAVWWK,Specific,
QTGLKDLPDYSYK,Specific,
YPFDMDLDDYSHK,Specific,
PFAWDTDPYAEEK,Unknown,
QQDLRDAYSNFLK,Unknown,
GQELKDVQDYAEK,Specific,
WMFWDVEDYATSK,Specific,
FGGDVHDYAHWMK,Specific,
KQPLLDWHDYAWK,Specific,
MFENLDVEDYAFK,Specific,
RARLTDMMDYSAK,Specific,
LSGDMADYAAPGK,Specific,
VWEHAYDVPDYAK,Specific,
FDLYGDHHDYAHK,Specific,
VVMDLRDYADMMK,Specific,
PWHDLDFHDYSYK,Specific,
RDHRDYSDWKWYK,Specific,
WDQADTHDYAHFK,Specific,
AFYPLDEEDYAVK,Specific,
ATDVPDYAQWYDK,Specific,
AADVKDYAAYAHK,Specific,
EFFDLLDYAARWK,Specific,
LRDVEDYAWWAKK,Specific,
LPVDQTDYAEQPK,Specific,
SDLEDYAALGLKK,Specific,
WGKADWEDYAAFK,Specific,
FLTQQDREDYAHK,Specific,
GEHSFDTPDYADK,Specific,
YAVDKPDYADLKK,Specific,
YLFDLQDYAFDRK,Specific,
ELPLLDYQDYAYK,Specific,
VMMDKEDYAFVPK,Specific,
DSFAFDVQDYSGK,Specific,
MLDKEDYAVTAPK,Specific,
QATDHDWQDYADK,Specific,
VSFPDSDWDPYAK,Unknown,
DLSADRHDYAWWK,Specific,
GTVWDEDPYASLK,Unknown,
HFDGSDTPDYAFK,Specific,
TSMEDVADYADGK,Specific,
DELMDYAATHDGK,Unknown,
YTDRMDYADMNPK,Specific,
LYDPDRYSDVRVK,Unknown,
VPAYDDYPDYSDK,Specific,
VTELPDVWDYAGK,Specific,
QKPHDDLVDYATK,Specific,
LNVTEYYYLHPMK,Nonspecific,
EGDRRDVQDYAAK,Specific,
AQYADVLDYADKK,Specific,
EYLVVDVVDYAAK,Specific,
YDQGADFEDYAAK,Specific,
LVFSGDVEDYSEK,Specific,
YMWVSLEDYAHQK,Unknown,
HKNLDDMPDYAMK,Specific,
YTLDDTEDYANHK,Specific,
QRDRPDYAAFHVK,Specific,
DHAMADLPDYSEK,Specific,
LVDVQDYAHYTWK,Specific,
VQDDWPDYAQYEK,Specific,
NLDRQDYAAVNMK,Specific,
SNLLHDLMDYAGK,Specific,
WWEATADTEDYAK,Specific,
PDMLDYADQTYWK,Specific,
FMENTFDLHDYAK,Specific,
SKFMFDPRDYAAK,Specific,
DLHDYAFYATDTK,Specific,
PLDLLQDAPDYAK,Specific,
NKGFLTYDKYGEK,Unknown,
QDFHDLNDYAEPK,Specific,
YLANAVDKEDAYK,Unknown,
RERTNSDYASWPK,Unknown,
LMHMPHDYASGMK,Unknown,
YMDFHDYAHQGSK,Specific,
EVADTTMKYWVMK,Nonspecific,
MTDKKDYAAWFGK,Specific,
QQQLYDQPDYAAK,Specific,
YEDMHDYAAYVGK,Specific,
PFSPDLPDYAGSK,Specific,
PTVQRDWHDYAYK,Specific,
LLDYHSDVHDYAK,Specific,
MWLGDTRDYADTK,Specific,
MRYKTDWSDYADK,Specific,
FGYYYDWADYSDK,Specific,
FMVEDKEDYSSYK,Specific,
FQMEGLDVPDYAK,Specific,
YLVYDRKDYADVK,Specific,
DFYPDYADYTFGK,Unknown,
TMTYDWHDYSYQK,Specific,
ELDTEDYADYADK,Specific,
DEHNDLEDYAQYK,Specific,
KRYLDLHDYSFVK,Specific,
VYDDLEDYTSPTK,Unknown,
QYFMHQDVPDYAK,Specific,
QVYSDMYDYADYK,Specific,
WDANWDQADYAAK,Specific,
WNLDMVDYAAKFK,Specific,
YNMDDVQDYAMAK,Specific,
TGPMYDHSDYAFK,Specific,
PDVHDYAEKAFHK,Specific,
QTHAVDLPDYSAK,Specific,
WSAPDVQDYAWWK,Specific,
DDWEDLNAWSASK,Unknown,
VYEFNDEEDYAEK,Specific,
YYEDVPDYASYGK,Specific,
SGETNHDVEDYAK,Specific,
KVWYMDKADYDSK,Unknown,
MADYYDFKDYSDK,Specific,
RALVDMQDYATHK,Specific,
FFTDVHDYSWTGK,Specific,
WDWPDYAHFRAYK,Specific,
WYESDVKDYADTK,Specific,
LNRDTPDYAHVTK,Specific,
WENYLPDKQDYAK,Specific,
MEPPSDAEDYAAK,Specific,
QYDEPDYAEVMTK,Specific,
AYYDVHDYAMRYK,Specific,
TNKLWWDKPDYAK,Specific,
PYVPDVADYAALK,Specific,
VLWTFDQADYAEK,Specific,
HDMVDYADKGLMK,Specific,
MWFPDEHDYAYVK,Specific,
MNTQFDWMDYAEK,Specific,
DVHDYSEKLYLTK,Specific,
LTAWFDVHDYASK,Specific,
EEEDLRDYAAMAK,Specific,
KDVPDYAVDVRWK,Specific,
WQNDVQDYSSGLK,Specific,
EMMNFDYPDYAGK,Specific,
LMGFQDVQDYAAK,Specific,
WDWLKDHRDYSDK,Specific,
MMLGWDDRDYADK,Specific,
QWWGTDVPDYAGK,Specific,
RNFDRRDRDYAAK,Unknown,
LMAYDKWDLLEMK,Unknown,
YWWDLQDYSNKPK,Specific,
RELADVKDYAANK,Specific,
ARARLDVHDYSYK,Specific,
AMNYFDPKDYADK,Specific,
HDDWHDYAFYGNK,Specific,
WNAPPDRADYAHK,Specific,
ETTDMMDYADYYK,Specific,
KNHLLDRADYSDK,Specific,
LTEDAHDSFWQYK,Unknown,
EYWDVPDYSSLGK,Specific,
DEVQDYASFFYVK,Unknown,
PNFMDKHDYAASK,Specific,
MKTDLQDYADLAK,Specific,
FQALDMADYAHNK,Specific,
FTVAGDLKDYSAK,Specific,
SRVADLQDYATNK,Specific,
ENQYWDMEDYGTK,Unknown,
RFYVHDLNDYADK,Specific,
SDMHDSYERLWQK,Unknown,
WYDMFDFHDYAYK,Specific,
LLMNDKFDYAAVK,Specific,
SLMQVDLADYASK,Specific,
MLAKFDVHDYAYK,Specific,
MDKRDYADGLLHK,Specific,
DFEDVRDYAEHSK,Specific,
MDDLMDYAGVEQK,Specific,
VRMDVQDYAAPLK,Specific,
YWRYLDDEDYAAK,Specific,
GTGDDLADYAELK,Specific,
TWMDLPDYSSMRK,Specific,
LEASYAYDHKMNK,Unknown,
PFMDKVDYAALAK,Specific,
VVSKDDLQDYADK,Specific,
DGSDLPDYAVGQK,Specific,
MVVHLDTQDYAHK,Specific,
HDMMDYADTFHSK,Specific,
ADLEDYSAHMVKK,Specific,
RFQDVQDYAHDMK,Specific,
FDLFLDVPDYSSK,Specific,
VKFANDWHDYNSK,Unknown,
FWRQNDQQDYASK,Specific,
GAFHKDEHDYAFK,Specific,
GFGVLDFMDYAAK,Specific,
LLKFRDMQDYAQK,Specific,
NLQTKDMADYAAK,Specific,
DTPDYADNSAWYK,Specific,
KALNMDAQDYAEK,Specific,
MLDVEDYSHGGQK,Specific,
FWEHADARDSWFK,Unknown,
FVYLMDSHDYAFK,Specific,
FTRDLHDYAQYPK,Specific,
MSENDVSDYAAFK,Specific,
ENDWHDYAYYRYK,Specific,
MSSGWDLGDYADK,Specific,
ERWLQDDWPDYAK,Specific,
TADLHDYAFAAFK,Specific,
WLGDYDGPDYAAK,Specific,
MLRGDFEDYAANK,Specific,
VEDQQDYAATAWK,Specific,
FVTAYDRMDYAAK,Specific,
LPQYADFHDYANK,Specific,
WMGNSDLPDYAVK,Specific,
WSKKLWPDYAAPK,Unknown,
WNRDVPDYAGVQK,Specific,
MDDMQDYAHYQTK,Specific,
WNDWHDYSWKNTK,Specific,
VFFVHDRQDYSQK,Specific,
LFDLHDYSHRYDK,Specific,
VDLQDYAEVAHMK,Specific,
EVPDYADLEGNVK,Unknown,
YWLFYDNRDYADK,Specific,
WQFPDKQDYAFKK,Specific,
TNPAYLFWFHMPK,Nonspecific,
HVYLRDKYDYSDK,Specific,
TADEDLVDYASPK,Specific,
FWWSDTQDYASFK,Specific,
HWYHMYDMPDYAK,Specific,
FWFPFDRHDYARK,Specific,
FMRWHDKPDYSHK,Specific,
YEYFTDSHDYAHK,Specific,
LLKYTDRHDYAWK,Specific,
DTDWPDYSSFLFK,Specific,
DSWEDYSSNTAAK,Unknown,
PQDLSEYAHSNNK,Nonspecific,
FLYDVHDYAFEHK,Specific,
