Peptide,PCA OneHot C1,PCA OneHot C2,Dist from Center,Labels,File Source,Consensus
MMTTNDWQDYAY,-1.329719937,-0.181351736,0.0024628646090736747,Cluster 1,PCA OneHot,XXXXXDXXDYA
FQLHYDDHDYAE,-1.139183203,0.185915936,0.007376413693902549,Cluster 2,PCA OneHot,XXXDXDXXDYA
MLDLADYALADL,0.066452292,0.002071141,0.008443494050000762,Cluster 3,PCA OneHot,XXDXXDYXXXX
LDVHDYAYLRDF,1.015882162,-0.1876371,0.03700093017451869,Cluster 4,PCA OneHot,XDXXDYAXXXX
MEDTQDYSAVHM,-0.002040542,0.545559492,0.031265706515982705,Cluster 5,PCA OneHot,XXDXXDYAAXX
WYESDVKDYADT,1.348867008,-1.160619243,0.0007251059297536154,Cluster 6,PCA OneHot,XXXXDXXDYAX
VFGPPDWDGYAD,-0.671362661,-0.448043042,0.033477870740584934,Cluster 7,PCA OneHot,XXXXDDXXDYA
AVDRWDYSDVRN,-0.546797466,0.180266517,0.007752217571174812,Cluster 8,PCA OneHot,XXDXXDYADXX
SKWWLADWPDYS,0.632560859,0.877986727,0.01063541508012449,Cluster 9,PCA OneHot,XXXXXXDXXDY
FDMQDYAAYVWV,1.053930691,-0.707191077,0.004363426563026403,Cluster 10,PCA OneHot,XDXXDYADXXX
VVAELHDYAHDA,0.79552362,1.377619805,0.018277073497125415,Cluster 11,PCA OneHot,XXXDXXDYSXX
NQPQLDDLPDYA,0.16805478,0.909412637,0.04432894814611994,Cluster 12,PCA OneHot,XXXXXDDXXDY
PNFMDKHDYAAS,0.980398174,-1.232880572,0.005162050950470489,Cluster 13,PCA OneHot,XXXXDXXDYAA
VVDKPDYARFQT,-0.131075635,0.275238981,0.005424673695735894,Cluster 14,PCA OneHot,XXDXXDYAXXX
PRRDWRDYADNV,0.906894947,1.653442771,0.0037145596746022127,Cluster 15,PCA OneHot,XXXDXXDYAXX
DLHDYSHQLVFG,0.507200939,0.511949829,0.009322628947052042,Cluster 16,PCA OneHot,XXXDXXXXXXX
TKLDKHDYAYPR,0.4918461,1.483987332,0.014987320643688963,Cluster 17,PCA OneHot,XXXDXXDYAYX
DLVFYDLRDYSS,-1.099266012,-0.074582453,0.0038916576254406183,Cluster 18,PCA OneHot,XXXXXDXXDYS
LASDDFPDYAEA,1.430997914,-0.765276903,0.025174858255934535,Cluster 19,PCA OneHot,XXXDDXXDYAX
PDKHDYASMYFN,0.451894774,-0.510355603,0.015146595232294599,Cluster 20,PCA OneHot,XDXXDYAXXXX
TPGDDPEMDYAG,-0.362381967,-0.137022684,0.023649904259421116,Cluster 21,PCA OneHot,XXXXXDXXDYX
WYTHMMFPWMWF,0.350358587,0.158340684,0.017590777041932303,Cluster 22,PCA OneHot,XXXXXXXXXXX
LEADTADYAAMF,1.072544288,1.343632609,0.009046024194691797,Cluster 23,PCA OneHot,XXXDXXDYAAX
WKFRDDKMDYAD,-1.07571556,-0.575181911,0.010701140064273869,Cluster 24,PCA OneHot,XXXXDDXXDYA
LSAYMVVDWFRM,0.606501067,-0.182918981,0.030214652536433732,Cluster 25,PCA OneHot,XXXXXXXXXXX
KDVMDYASHFNT,0.850518099,-0.415973184,0.011963905817710136,Cluster 26,PCA OneHot,XDXXDYAXXXX
LLFFDKPDYSHK,1.196139015,-0.961282608,0.00807717255905574,Cluster 27,PCA OneHot,XXXXDXXDYSX
WDMHDYADDMGF,0.667909954,-0.863636482,0.011223362701658373,Cluster 28,PCA OneHot,XDXXDYADXXA
HGGKSDKVDMAF,-0.875347416,-0.10502889,0.010343220390340403,Cluster 29,PCA OneHot,XXXXXDXXDYA
MYQQDDVDPYSD,-0.17552557,-0.740792788,0.03289141707588944,Cluster 30,PCA OneHot,XXXXDDXDXYA
DLRDYAELGAYN,0.806951955,0.413101521,0.06453956880932579,Cluster 31,PCA OneHot,XXXDXXXXXXX
