Peptide,UMAP Fingerprint C1,UMAP Fingerprint C2,Dist from Center,Labels,File Source,Consensus
SPDLQDYAQVDH,9.646876,7.005448,0.03525450859808365,Cluster 1,UMAP Fingerprint,XXDXXDYAXXX
TVSSSDWTDYAD,9.838707,2.3378112,0.017899735932430137,Cluster 2,UMAP Fingerprint,XXXXXDWXDYA
FAFSDVQDYSDK,0.3747477,1.6501577,0.014731453267397533,Cluster 3,UMAP Fingerprint,XXXXDXXDYAX
NSDMPDYASANF,10.196785,6.9395323,0.025138026075561665,Cluster 4,UMAP Fingerprint,XXDXPDYAXXX
LYLGDVPDYALN,-0.51598626,1.6719446,0.01207369328044754,Cluster 5,UMAP Fingerprint,XXXXDXPDYAX
KLWQRDMHDYAS,10.207587,3.383282,0.03199494123438013,Cluster 6,UMAP Fingerprint,XXXXXDXHDYA
PFNSTDMPDYSD,8.850482,1.6677641,0.025938489583534508,Cluster 7,UMAP Fingerprint,XXXXXDXPDYA
FMDKHDYALYKK,9.792178,7.6772227,0.010843924360480851,Cluster 8,UMAP Fingerprint,XXDXHDYAXXX
RAFVMDRLDYAD,8.863818,3.1566162,0.00772775893358455,Cluster 9,UMAP Fingerprint,XXXXXDXXDYA
TDKHDYAALWNF,3.6762528,2.2437823,0.005923292166768913,Cluster 10,UMAP Fingerprint,XDXHDYAXXXX
YPVDLRDYVDNQ,4.884927,8.232518,0.015120193090122545,Cluster 11,UMAP Fingerprint,XXXDXXDYAXX
DLQDYASHLKVL,5.8204546,7.1707034,0.05128165008047223,Cluster 12,UMAP Fingerprint,DXHDYAXXXXX
NDLEDYSAKLAR,3.2688413,1.8827114,0.008467809666611785,Cluster 13,UMAP Fingerprint,XDXXDYAXXXX
PLVDPDLADYAN,9.518854,3.9438307,0.008130404964340782,Cluster 14,UMAP Fingerprint,PXXXXDLADYA
WAEEGDLTDYAD,7.943535,2.4714277,0.02508034655595803,Cluster 15,UMAP Fingerprint,WXXXXDXXDYA
HLNFYSDQEDYA,5.2791095,5.7855077,0.022290363691421733,Cluster 16,UMAP Fingerprint,XXXXXXDXXDY
FWKDSKHDYAWR,0.32892126,2.4865665,0.012226376733771326,Cluster 17,UMAP Fingerprint,XXXXDXHDYAX
NPMDWPDYAYFP,4.1692395,8.049697,0.009342982795680596,Cluster 18,UMAP Fingerprint,XXXDXPDYAXX
NKLDLHDYAFHD,4.552668,8.957329,0.02292755251968276,Cluster 19,UMAP Fingerprint,XXXDXHDYAXX
