Peptide,UMAP NGrams C1,UMAP NGrams C2,Dist from Center,Labels,File Source,Consensus
WDLYDDKTDYAA,4.546964,6.8510814,0.010593219688382357,Cluster 1,UMAP NGrams -5,XXXXXDXTDYAXX--
VMQFTDQQDYAW,6.3020487,8.083944,0.002838279663159821,Cluster 2,UMAP NGrams -5,-XXXXXDQQDYAXX--
DVHDYAYGYYHA,7.1181974,5.56634,0.011844612658120078,Cluster 3,UMAP NGrams -5,--XXXXDVHDYAXXXX-
FYWNEMFWDHQP,2.4355488,6.540395,0.014798800748705685,Cluster 4,UMAP NGrams -5,---XXXXWXXXXXXXX-
VSWDLVDYAWKF,2.905193,7.343121,0.009138881230293737,Cluster 5,UMAP NGrams -5,-XXXXXDLVDYAXXX-
MLRGDFEDYAAN,2.9695506,4.1352386,0.01262886958216945,Cluster 6,UMAP NGrams -5,-XXXXXDXEDYAXX--
SVEDDAPDYADF,1.3555921,7.4557457,0.004222777165096547,Cluster 7,UMAP NGrams -5,-XXXXXDAPDYAXX---
HQFDKDLQDYAE,7.363595,8.430039,0.005428818166947014,Cluster 8,UMAP NGrams -5,-XXXXXDLQDYAXXX--
GNFGGDVEDYAY,1.9170843,4.2120905,0.003810041972212223,Cluster 9,UMAP NGrams -5,-XXXXXDVEDYAXXX-
VTWVQDKHDYFS,7.6433735,4.6013465,0.013693057572193645,Cluster 10,UMAP NGrams -5,-XXXXXDKHDYXXXX--
WFFTDMPDYANL,0.33072063,7.806308,0.014562346723199617,Cluster 11,UMAP NGrams -5,-XXXXXDMPDYXXX--
GNMNLGDLEDYA,2.893588,2.9030573,0.0014980195754288146,Cluster 12,UMAP NGrams -5,-XXXXXDLEDYAXXX-
VQTFTDLKDYAW,4.6399918,8.635343,0.005067580229705595,Cluster 13,UMAP NGrams -5,XXXXXDLKDYAXXX--
LTDVMDYAAKEA,5.2009516,6.3372993,0.001974389923635479,Cluster 14,UMAP NGrams -5,-XXXXXDVMDYAXXX-
WWHDQHDYAHWT,6.503886,5.194433,0.011351501080689223,Cluster 15,UMAP NGrams -5,-XXXXDQHDYAXXX-
YVKDKPDYAYKF,0.75644904,7.2062874,0.02062011621613894,Cluster 16,UMAP NGrams -5,-XXXXXDKPDYXXX--
WFVHDMEDYAMR,3.8137145,3.6735473,0.009542202464516609,Cluster 17,UMAP NGrams -5,-XXXXXDMEDYAXX--
FDRDMQDYASML,6.4540443,7.5286536,0.0069648751822945585,Cluster 18,UMAP NGrams -5,-XXXXXDMQDYAXXX-
VPTDVQDYAHPR,6.1825438,9.246689,0.01556696500614667,Cluster 19,UMAP NGrams -5,-XXXXXDVQDYAXXX--
EQFHHYDLHDYA,6.5738287,3.5748138,0.011138421476190714,Cluster 20,UMAP NGrams -5,-XXXXXDLHDYAXXXX-
WDMADYAEADHL,4.2123427,5.7542214,0.014517452451749138,Cluster 21,UMAP NGrams -5,XXXXXDMADYAXXX-
FRKWDKQDYAYP,6.6108723,8.63024,0.013457590180335021,Cluster 22,UMAP NGrams -5,--XXXXXDKQDYAXX--
HMTDVPDYAYHV,1.4383087,8.836218,0.01583555238975634,Cluster 23,UMAP NGrams -5,-XXXXXDVPDYAXXX-
YSNVDLMDYAEP,5.6959267,6.6316605,0.010660699234822728,Cluster 24,UMAP NGrams -5,-XXXXXDLMDYAXX--
TNFQHDVADYAG,3.2716968,5.8146243,0.022083847758526846,Cluster 25,UMAP NGrams -5,XXXXXDVADYAXXX--
EMWADLPDYAHA,0.78586596,6.2600513,0.014434022381488026,Cluster 26,UMAP NGrams -5,-XXXXXDLPDYAXXX-
LPVHWYDYPDSF,2.05159,7.3897157,0.008257230757488512,Cluster 27,UMAP NGrams -5,-XXXXXDYPDYAXXX-
SVDVKDYADEWN,4.486446,8.116681,0.00296544421945339,Cluster 28,UMAP NGrams -5,XXXXXDXKDYAXXX--
YFEDQEDYAGWS,3.2188306,3.8437152,0.007472956921077574,Cluster 29,UMAP NGrams -5,-XXXXXDQEDYAXX-
VSNTNYDLEDYS,3.1910791,2.6233284,0.0044191487850653065,Cluster 30,UMAP NGrams -5,-XXXXXDLEDYSXXX--
FAKGDLRDYAQK,3.6257524,9.139941,0.014371306370408121,Cluster 31,UMAP NGrams -5,-XXXXXDLRDYAXXXX-
WNLDMVDYAAKF,3.3743167,6.965634,0.005626662766040846,Cluster 32,UMAP NGrams -5,-XXXXXDXVDYAXXX-
FLTQQDREDYAH,2.6515357,3.7585998,0.0031525346848748476,Cluster 33,UMAP NGrams -5,-XXXXXDREDYAXX---
PDYHDYAFARGL,6.1497297,5.134371,0.005602733605303033,Cluster 34,UMAP NGrams -5,XXXXXDXHDYAXXXX-
FQAFMDKEDYSF,2.244958,3.5186634,0.006561831687383758,Cluster 35,UMAP NGrams -5,-XXXXXDKEDYAXXX-
YGMLDQPDYAAY,1.6505405,6.691809,0.006702519024685639,Cluster 36,UMAP NGrams -5,-XXXXXDQPDYAXXX-
QDWPDYAWGGPR,1.9124681,8.015864,0.007187884436124509,Cluster 37,UMAP NGrams -5,-XXXXXDWPDYAXXXX
AGFDKKDYADAF,4.6678443,7.964838,0.008124730607809064,Cluster 38,UMAP NGrams -5,XXXXXDXKDYAXXX-
KDMHDYASMHMW,5.850333,4.3366213,0.01715130644466733,Cluster 39,UMAP NGrams -5,-XXXXDMHDYAXXXX-
VNSYADTLDYAD,4.1468463,7.27505,0.017985901332232147,Cluster 40,UMAP NGrams -5,XXXXXDXXDYADX--
LRWHNDWQDYAY,5.937183,8.547337,0.01214604805931574,Cluster 41,UMAP NGrams -5,XXXXXDWQDYAXX--
AENEDWEDYAST,2.7371612,4.5131783,0.017268373175194984,Cluster 42,UMAP NGrams -5,-XXXXXDWEDYAXXX-
RDLHDYSGPRSN,7.091929,3.7595448,0.006607741679301366,Cluster 43,UMAP NGrams -5,-XXXXDLHDYSXXXX-
VSTADRHDYAYL,6.488374,5.5415764,0.011324105435923769,Cluster 44,UMAP NGrams -5,XXXXXDRHDYAXXX-
YDMEDTPDYADM,1.3582585,6.960305,0.0042107301989954184,Cluster 45,UMAP NGrams -5,XXXXXDTPDYAXXX--
TSVDVHDYSAHF,7.3871517,5.225762,0.011932619228819306,Cluster 46,UMAP NGrams -5,XXXXXDVHDYSXXXX-
ELAYYDTYDYAD,3.996186,6.97103,0.023957761858935004,Cluster 47,UMAP NGrams -5,XXXXXDXXDYAXX--
WLQDLQDYSHAP,7.39706,8.008478,0.010358783963922917,Cluster 48,UMAP NGrams -5,-XXXXDLQDYSXXXX
WWDFPDYANGRW,1.1178836,7.91658,0.01700291797679429,Cluster 49,UMAP NGrams -5,XXXXXDFPDYXXXX-
HFNWYDWHDYSF,7.016579,4.50265,0.017097259078130544,Cluster 50,UMAP NGrams -5,XXXXXDXHDYSXXXX-
YWEFQDVPDYSY,0.9523205,8.760778,0.008808605417452167,Cluster 51,UMAP NGrams -5,XXXXXDVPDYSXXX-
DVRDYADDKYYE,3.8063943,8.4109335,0.01433698359942764,Cluster 52,UMAP NGrams -5,XXXXXDVRDYAXXXX-
MMMVDSPDYAAN,1.6815324,7.2541504,0.016830513177881885,Cluster 53,UMAP NGrams -5,XXXXXDXPDYAXX-
MWLGDTRDYADT,3.7282298,8.121208,0.012406293218926522,Cluster 54,UMAP NGrams -5,XXXXXDXRDYADX---
WWEATADTEDYA,3.1193254,4.5421333,0.016927876981694172,Cluster 55,UMAP NGrams -5,-XXXXXDTEDYAXX--
MMTEDPRDYAFF,3.3398716,8.736835,0.002015556761083393,Cluster 56,UMAP NGrams -5,-XXXXXDPRDYAXX---
WDTHDYAAWSGT,6.274443,4.693706,0.011945890548299457,Cluster 57,UMAP NGrams -5,XXXXXDTHDYAXXXX-
DALSDLPDYSAS,0.40837675,6.5326424,0.01222916293757329,Cluster 58,UMAP NGrams -5,-XXXXXDLPDYSXXX-
FDWHDYAEHVQS,6.749107,4.769051,0.0029166084003499214,Cluster 59,UMAP NGrams -5,-XXXXXDWHDYAXXXX
MYRFDRRDYSDQ,2.9343448,8.539082,0.005068133300602576,Cluster 60,UMAP NGrams -5,-XXXXDXRDYSDXXX-
VGGWYDLADYAG,4.06366,5.1743197,0.016878145211975514,Cluster 61,UMAP NGrams -5,-XXXXXDLADYAXXX--
VVGGLDTQDYAH,6.520737,8.22892,0.007599627185236708,Cluster 62,UMAP NGrams -5,XXXXXDXQDYAX--
FSLADKADYAAQ,3.7391884,5.7963195,0.011177766648994746,Cluster 63,UMAP NGrams -5,XXXXXDXADYAXX--
FDFHDYAYNQGM,5.8791027,4.9344306,0.017965868306417474,Cluster 64,UMAP NGrams -5,XXXXXDFHDYAXXXX-
NDMMDYADMDRL,5.24091,6.9195766,0.028196047357075146,Cluster 65,UMAP NGrams -5,XXXXXDMMDYAXXX-
VLWTFDQADYAE,3.8961391,6.128519,0.017658646285398337,Cluster 66,UMAP NGrams -5,XXXXXDXADYAX--
WMMPGDADPYAD,2.5277195,5.9437428,0.014650249834604355,Cluster 67,UMAP NGrams -5,-XXXXXDXDPYAXX--
